customerID,p_churn_6m,p_churn_12m
9943-VSZUV,0.8455793252497239,0.8455793252497239
2386-OWURY,0.2848359606219074,0.8281250554115853
2101-RANCD,0.4348824960340232,0.793229494635691
7251-XFOIL,0.360927317027843,0.7655200319480508
5921-NGYRH,0.5813340227773713,0.7414997057628181
2478-EEWWM,0.23234318768413875,0.7340730650456577
9501-UKKNL,0.22710141371917425,0.7248516124630586
4238-HFHSN,0.3232812896599291,0.717752745642706
4553-DVPZG,0.3880185341103488,0.7133942725577934
0929-PECLO,0.45406282691754785,0.7104861703195567
7346-MEDWM,0.21055594985280746,0.6940523243110099
3863-QSTYI,0.2074620997986235,0.6879986638529969
2277-DJJDL,0.24512935515820855,0.6842292937147372
8647-SDTWQ,0.2493703830155648,0.6760373522875056
1215-FIGMP,0.23926262680315047,0.6740474952610244
8785-CJSHH,0.23037757574422646,0.6581571023290405
8535-SFUTN,0.2805590768624351,0.6558445529440065
2957-JIRMN,0.33837618169833283,0.6504690920406719
7426-WEIJX,0.22605428313020892,0.6502166677115111
0531-ZZJWQ,0.31162540268279626,0.6434459175356149
7901-TBKJX,0.25671117030645985,0.6348291208351249
6211-WHMYA,0.4683612375283138,0.625315824909016
6908-VVYHM,0.5313399631279639,0.6222942477284946
0924-BJCRC,0.2091969285605083,0.6179158303687811
4450-MDZFX,0.20755950823817815,0.6146623658652248
6968-GMKPR,0.2840307705046843,0.6025652539920164
1935-IMVBB,0.23692830087848482,0.600761102278494
3714-NTNFO,0.33350655830759046,0.5956024052456651
1867-TJHTS,0.15451514871291705,0.5859080972288957
1930-WNXSB,0.15344554500112073,0.5831489275382542
1640-PLFMP,0.37283383792281644,0.5656387870684632
4220-TINQT,0.22679375230230303,0.5653421136512958
6212-ATMLK,0.3345414772769746,0.5645775787812046
9605-WGJVW,0.37189009258363537,0.5644698504693089
3878-AVSOQ,0.37188180451778186,0.5644595786214788
8065-BVEPF,0.4748566045497925,0.5628373095520622
5542-TBBWB,0.3658603969785317,0.5569687393607943
7465-ZZRVX,0.36585688451146514,0.5569643533141067
9603-OAIHC,0.3649272329390312,0.5558028172726022
7824-PANSQ,0.14295363683486173,0.5552861145309833
1013-QCWAM,0.5546568793857716,0.5546568793857716
3999-WRNGR,0.1786092041760473,0.5536039049894285
0093-EXYQL,0.3000233743376516,0.5520761693118275
4191-XOVOM,0.3231448631812599,0.550369271377358
7872-RDDLZ,0.5493104173414787,0.5493104173414787
4685-ERGHK,0.18353276726474954,0.5492142377230886
0621-HJWXJ,0.31965924972670123,0.5456143980399115
7147-AYBAA,0.33547353256628487,0.5440998018703653
9693-XMUOB,0.14483349261344658,0.5433132921839101
4482-EWFMI,0.34450538684007637,0.5384773269206737
7394-LWLYN,0.3445020201017317,0.5384729873030466
6377-WHAOX,0.17155060124290578,0.5376682180355323
5647-FXOTP,0.17104878731772766,0.5365191650913959
2675-DHUTR,0.13486282031144292,0.5327859997843454
7245-NIIWQ,0.3320983236183379,0.5307212313512589
6077-BDPXA,0.332096138170631,0.5307183530565507
9633-XQABV,0.3320954096904102,0.5307173936262437
2897-DOVND,0.3379072672673443,0.5299370437882482
9717-QEBGU,0.33790357839299123,0.5299322492218985
7439-DKZTW,0.34324166803118705,0.5283290000684564
1728-CXQBE,0.38104143042722316,0.5254462085546221
4001-TSBTV,0.13069939222224214,0.5208537336287193
1035-IPQPU,0.29824239095256744,0.515836656038505
1125-SNVCK,0.27626266250019127,0.5139719056156535
0644-OQMDK,0.3169177520912897,0.5100045675872273
5019-GQVCR,0.2564532316759156,0.509639675889143
5032-MIYKT,0.32820128871572285,0.5088487497894609
7233-DRTRF,0.2931229796665956,0.5085754123726676
8309-IEYJD,0.32733979880272235,0.5077224448102069
9112-WSNPU,0.276018007235152,0.50650616837403
4989-LIXVT,0.5064439652548967,0.5064439652548967
9776-OJUZI,0.42256263117654524,0.5061363239497199
9391-YZEJW,0.24059604600778428,0.5036093721909132
7529-ZDFXI,0.1629754437586266,0.502943508643088
6357-JJPQT,0.31103068956995605,0.5025924502704237
4234-XTNEA,0.31656717341566964,0.5018299531527957
5018-GWURO,0.18545395120662433,0.5016888931032889
8058-DMYRU,0.2477791881455702,0.5010736394740484
9617-INGJY,0.32183568996973977,0.500499608046115
5397-TUPSH,0.4173564410601833,0.500408663316801
2208-UGTGR,0.1845884159593798,0.49988859059791246
2262-SLNVK,0.321078815099634,0.49950276612224787
3349-ANQNH,0.1288834441470662,0.4990189494291719
1730-ZMAME,0.24243869817981856,0.4983197097433105
3453-RTHJQ,0.30652838939677196,0.4969043796836664
6896-SRVYQ,0.24775778486331468,0.4965163535647965
4462-CYWMH,0.2360523185014305,0.49601614010593986
6917-YACBP,0.1272568124602269,0.49431523463167615
8728-SKJLR,0.2564210545706094,0.4933540592800012
3893-JRNFS,0.4913279257306089,0.4913279257306089
6300-BWMJX,0.12576536054216914,0.4899714178362734
8498-XXGWA,0.4071881111885015,0.4891798486149044
9701-CDXHR,0.27931133522260354,0.4878561244871631
4291-SHSBH,0.30136872737962483,0.48776065459517004
3428-MMGUB,0.14956970593116004,0.4852774808503335
7577-SWIFR,0.3079489549816221,0.48207095765350616
8878-RYUKI,0.3077762037059073,0.4805724781897137
7586-ZATGZ,0.25236820324769127,0.48047452921386713
2250-IVBWA,0.3431224375906462,0.4795143276827095
1016-DJTSV,0.2892506668905144,0.4773945692736917
0233-FTHAV,0.146172946715165,0.47679762699617745
2789-HQBOU,0.29175851310196044,0.4761931521397622
6128-DAFVY,0.1732897819509991,0.4759645936543466
8468-EHYJA,0.15141604496841432,0.47541989885732505
7693-QPEFS,0.30387991342938536,0.4753548109235879
2378-VTKDH,0.394203331335347,0.4747610212903026
5055-MGMGF,0.3941404858873594,0.4746910194368281
5442-BHQNG,0.29571533569311204,0.4736524102345815
3452-SRFEG,0.24790721095533408,0.4704519881738609
7733-UDMTP,0.1493435514430025,0.4703675638481788
2452-KDRRH,0.46987365749510224,0.46987365749510224
6229-LSCKB,0.28594193094521025,0.46851090553640484
3170-GWYKC,0.14286181681776422,0.4684302944354063
4983-CCWMC,0.2853673674448516,0.4672979897138634
4029-HPFVY,0.28536282550550385,0.4672916434244232
7855-DIWPO,0.2636363915221973,0.46672875663422364
8270-RKSAP,0.29147470096278627,0.46663341527500646
2360-RDGRO,0.38690556182643376,0.46661845315324113
1427-VERSM,0.16829117741190547,0.46512726991004927
1996-DBMUS,0.24891592090706038,0.45785854043512697
9506-UXUSK,0.26679216502666314,0.45783168857671663
6168-YBYNP,0.1150185371712199,0.4577807610804313
0021-IKXGC,0.2874711214236668,0.45436034548801674
3164-YAXFY,0.1428513557382557,0.4543058385277591
4869-EPIUS,0.16307868353214372,0.4536588037720932
6728-VOIFY,0.25304419920423815,0.44981529851036517
3956-MGXOG,0.2425692397014253,0.4495804876736518
3318-NMQXL,0.27270137525203275,0.44946325643682106
0880-FVFWF,0.16113370302348307,0.44933539544445944
6173-GOLSU,0.4477334920067112,0.4477334920067112
1452-VOQCH,0.28247108096540163,0.4474978031824328
1548-FEHVL,0.16712236335662445,0.44698960246401587
3223-DWFIO,0.27121133421817234,0.446855196325335
0060-FUALY,0.11123052684307688,0.44605450281711834
8040-MNRTF,0.28120733483945204,0.44575733549059127
4373-VVHQL,0.2798369635767233,0.4438672959202493
8705-WZCYL,0.2798366441412947,0.44386685501901624
8486-AYEQH,0.20336630205556472,0.4429707224531664
8630-FJLIB,0.2501120818287118,0.4427991230097029
1769-GRUIK,0.25010449930521994,0.44278767520139894
0958-YHXGP,0.26890612280134385,0.4424721368811243
3420-ZDBMA,0.25816985662050596,0.44218631933574193
1469-LBJQJ,0.4419395322337959,0.4419395322337959
1077-HUUJM,0.2642162394419383,0.4357823566503779
9577-WJVCQ,0.4357811869569749,0.4357811869569749
9432-VOFYX,0.24025286534117551,0.4344479781832875
4847-TAJYI,0.2606727857076313,0.43266546497026026
8548-AWOFC,0.4325754712516239,0.4325754712516239
9128-CPXKI,0.10679337078969553,0.43206152437857537
4273-MBHYA,0.2701579104660484,0.4304371516911508
4912-PIGUY,0.26937291844456235,0.42934175260058205
6519-CFDBX,0.2624340314210395,0.42722637690357645
1508-DFXCU,0.25637823562676254,0.4262725652006265
0224-RLWWD,0.26171643288651825,0.4262057749452113
0674-EYYZV,0.2668346826256678,0.42579348585570187
8384-FZBJK,0.13146596727440762,0.42526500688943136
4115-NZRKS,0.2561409870010325,0.4241769079351406
4090-KPJIP,0.25482819292547154,0.4238309270276224
0928-XUTSN,0.24291307861134892,0.4224476183316386
2688-BHGOG,0.2596971845490499,0.4221924396318615
4250-WAROZ,0.1247024656235145,0.4207272221911842
8725-JEDFD,0.23556640443192645,0.41909992540919305
6847-KJLTS,0.09796664632466678,0.4181777511499666
9696-RMYBA,0.2416144549140481,0.4175941803075405
6918-UMQCG,0.24100841380557037,0.4166841100651476
9355-NPPFS,0.22862266582360424,0.415637451730699
9974-JFBHQ,0.2912405221201534,0.4142579974917888
3982-DQLUS,0.34051952086484505,0.4142260271833381
7562-UXTPG,0.23740452305829152,0.41412849847993083
8990-ZXLSU,0.2539502291840863,0.41398403966842734
3717-OEAUQ,0.2531027712509951,0.4138907257900065
4749-OJKQU,0.24830815125070627,0.4138747246111524
7365-BVCJH,0.2581531462910982,0.4135841665074307
4007-NHVHI,0.1453384311659932,0.4133260659027983
4612-SSVHJ,0.23901535242180016,0.41298277967583186
5288-AHOUP,0.25378934863859715,0.41288800531968006
1197-BVMVG,0.24762298752159007,0.41287439944912074
0440-QEXBZ,0.19716665551300316,0.4109950904970038
8189-XRIKE,0.19162022741576012,0.41050388798897075
0130-SXOUN,0.4104893312947179,0.4104893312947179
9822-OAOVB,0.25500074062695144,0.40912278073825525
2294-DMMUS,0.18545664176572052,0.40667632012814237
7321-VGNKU,0.24721972680917426,0.40541152325770313
9799-CAYJJ,0.24653618631835383,0.40442275727558163
7426-GSWPO,0.2834208632135159,0.4041861133104563
5222-IMUKT,0.18807783095004582,0.40406526193327275
7460-ITWWP,0.20331937647422849,0.40403035972863943
3002-WQZWT,0.20765420358638753,0.40385268039509215
5828-DWPIL,0.18353747158397993,0.40311230151590116
2831-EBWRN,0.2408687057198461,0.4029707872970506
0842-IWYCP,0.1884194012435907,0.4020849696123934
5501-TVMGM,0.2497838723831054,0.4017070011271847
9214-EKVXR,0.24927181511134255,0.4009769163641005
2275-RBYQS,0.2492636719819582,0.40096530282532206
8904-OPDCK,0.18832092461495853,0.3992173219074653
4840-ORQXB,0.1390691763314046,0.39858415363109634
7128-GGCNO,0.18625692488025802,0.3981525828834862
2501-XWWTZ,0.24303598740449228,0.39740639252321186
5206-XZZQI,0.2277176391184791,0.3962166574328455
9050-IKDZA,0.2404465261174048,0.39558095464002074
0988-JRWWP,0.2354887017124906,0.3954837677924008
2796-UUZZO,0.2175732941189472,0.39497532633623267
5243-SAOTC,0.18571971556838884,0.3945047807890093
0082-LDZUE,0.24414923885147433,0.39365163495987787
8710-YGLWG,0.24414580843876277,0.3936467163332986
8950-MTZNV,0.2441455225728446,0.39364630644954923
3566-HJGPK,0.2441420922035229,0.393641387866143
5133-POWUA,0.24414066289479308,0.39363933846815224
4402-FTBXC,0.18497647264779038,0.3931542720965323
0840-DFEZH,0.2348637602518584,0.39307396706178843
8329-GWVPJ,0.21695477936203222,0.39302414534083585
1478-VPOAD,0.2435413317802828,0.3927797255271068
6127-IYJOZ,0.24345792187143267,0.39266004924047504
5043-TRZWM,0.24295278744413562,0.3919350619163977
6986-IXNDM,0.22063410247369053,0.3911680248492211
8756-RDDLT,0.3897238197969045,0.3897238197969045
7636-PEPNS,0.08972162523815375,0.38969391454252755
0620-DLSLK,0.2213285986164708,0.38951500888449264
8023-QHAIO,0.13508452322652187,0.38907971585474443
8325-QRPZR,0.2320417202357148,0.38889175975357126
2178-PMGCJ,0.20385480923052413,0.38868768546844434
2545-EBUPK,0.2355598931212003,0.3884431392093012
6572-ADKRS,0.1801787743348725,0.3870175560759218
1226-IENZN,0.2255645717575261,0.3867276763001284
1658-XUHBX,0.0927544491907859,0.3859140836898165
1942-OQFRW,0.23851756753975395,0.3855531209035773
9281-PKKZE,0.17916398466247363,0.3851466631544622
5339-TJFEK,0.1739035899484246,0.3850253501360016
8541-QVFKM,0.22562815443382767,0.3849099079418635
3199-XGZCY,0.22561879052704614,0.38489577160575195
8720-RQSBJ,0.2378482486927349,0.38458747411829686
4706-DGAHW,0.23784153589125123,0.38457778597091896
6185-TASNN,0.2378353826291808,0.3845689053111655
3070-BDOQC,0.11161167647184345,0.3843818790926753
4067-HLYQI,0.1875280069122266,0.3837458824479967
7188-CBBBA,0.31362443573506205,0.3833593271901151
7504-UWHNB,0.20574534532797706,0.3831776535091458
4488-KQFDT,0.1385276068775514,0.38308836836505467
6710-HSJRD,0.1384839716826104,0.3829871397228187
1475-VWVDO,0.22722056589378925,0.3817160928640202
9402-ORRAH,0.2088735812085053,0.381706600845259
6856-RAURS,0.2308363308251986,0.38150739474180606
7044-YAACC,0.22606802993876918,0.3809994940029221
3450-WXOAT,0.1767448793779215,0.38067306839684745
9142-KZXOP,0.17978408046857952,0.37978622906136017
2027-WKXMW,0.2076623873599741,0.379175747952024
3570-YUEKJ,0.16999779662370218,0.3790691712512101
5543-QDCRY,0.22460077793482225,0.3788012528990492
3278-FSIXX,0.22860084953463222,0.3782126034449127
5365-LLFYV,0.22859760323316936,0.3782078130686839
3030-YDNRM,0.2209119291527516,0.3777705175947279
5649-RXQTV,0.20682916021946773,0.3771036823385465
8739-XNIKG,0.21504405411846028,0.37704291332747497
0018-NYROU,0.21495029988582093,0.37689746791252643
9003-CPATH,0.16876887969040244,0.37671516914862446
2799-ARNLO,0.21433543329858273,0.375943185030435
5188-HGMLP,0.1751273994901047,0.37508994586449373
9058-HRZSV,0.3064151507082603,0.3750261809505896
1219-NNDDO,0.22678679392874646,0.3744800681367363
9767-FFLEM,0.20543352653106584,0.37419975253023496
5872-OEQNH,0.10788510363138304,0.3737271542660511
0898-XCGTF,0.13449253726437282,0.373678815449503
3295-YVUSR,0.2254076590698808,0.3734925086302321
4367-NHWMM,0.22956021995347475,0.3725747772373703
7537-RBWEA,0.22955886252802515,0.3725728014049343
9450-TRJUU,0.19170210366170926,0.3720914631243657
2346-DJQTB,0.19138996961677657,0.3715611486263545
4570-QHXHL,0.22460295815319475,0.37125360001831875
2800-VEQXM,0.21913388835650582,0.37101651667587443
6557-BZXLQ,0.21521780588468875,0.37095968424359904
2067-QYTCF,0.2577601455643058,0.3707072428285034
1728-BQDMA,0.22327552295448194,0.37033182215109506
4537-DKTAL,0.22326968918913748,0.3703231642559133
3798-EPWRR,0.22264512767281297,0.36939593962983575
3055-OYMSE,0.20987821447657906,0.3686851259938998
9115-YQHGA,0.1846414407714806,0.36846032404039786
7354-OIJLX,0.2220623701130222,0.367490619955657
5928-QLDHB,0.2220602585390975,0.3674874881889483
5144-TVGLP,0.20122001487184737,0.3674169172321552
5076-YVXCM,0.20075934085910951,0.36732674489914907
3370-HXOPH,0.2166219984467016,0.3672185650561174
8788-DOXSU,0.08713367154294738,0.3666177161629992
3955-JBZZM,0.20875594470957604,0.3666003290377984
6860-YRJZP,0.22144173786108712,0.3665698318266446
3452-ABWRL,0.17785584744116645,0.36645975198682257
6952-OMNWB,0.36593287880762393,0.36593287880762393
2468-SJFLM,0.22464281247980578,0.3653991577150343
4195-NZGTA,0.22420980599876028,0.364765580956389
0899-WZRSD,0.12506575057387648,0.3647147950810705
2123-AGEEN,0.2156726677546994,0.36437065242177014
4098-NAUKP,0.36427628520656785,0.36427628520656785
0374-IOEGQ,0.21451375552726104,0.3640226919893713
9644-KVCNC,0.3636763993559513,0.3636763993559513
6339-YPSAH,0.21938092722598246,0.3635080127727034
6994-KERXL,0.2143650108555495,0.36336509036770837
8782-LKFPK,0.17071111893038715,0.3631209618293042
5153-RTHKF,0.18422604919353536,0.3629389820798099
4854-CIDCF,0.21338740346831986,0.36231218353065753
2338-BQEZT,0.15005023007580598,0.3617257034832865
4770-UEZOX,0.21713330275295217,0.361186250093135
0491-KAPQG,0.19566346775173782,0.3606672844626444
7823-JSOAG,0.21208227276462588,0.3603274966689606
4937-QPZPO,0.12865483933617483,0.3598907052671497
2862-PFNIK,0.2207484602994888,0.3596909183308933
5895-QSXOD,0.21640837869717033,0.35907984607404886
5392-AKEMH,0.21093836065987626,0.3587618264381941
6599-SFQVE,0.21066596419554895,0.35851836204204846
4633-MKHYU,0.21589010400333042,0.3583063592310243
9272-LSVYH,0.2101303181492773,0.35801691317097994
0575-CUQOV,0.10246389880389584,0.35797904984558604
1608-GMEWB,0.17677129765803656,0.35784466888216837
8687-BAFGU,0.21939345065606675,0.3576995019121586
8705-DWKTI,0.22004170594322214,0.3575931896869966
1766-GKNMI,0.18039866446436448,0.3573193966015328
1393-IMKZG,0.21885081813426377,0.356901247621061
2424-WVHPL,0.2187661559062366,0.3567766635681081
3808-HFKDE,0.2019623169049395,0.35595076188147856
3951-NJCVI,0.15792721849244995,0.35571223820944164
2363-BJLSL,0.15859553686878547,0.35560836567286436
0248-IPDFW,0.21733160548558494,0.3546640459253466
8873-GLDMH,0.2078320029070545,0.3541891713798573
2325-NBPZG,0.2079489139949836,0.35402299838065
9591-YVTEB,0.1462606344425602,0.35383559038774537
0508-OOLTO,0.2111621871320093,0.35223812087517337
5150-ITWWB,0.20651308652751743,0.35182622109922024
8012-SOUDQ,0.16488317037195865,0.3516439234015082
5605-IYGFG,0.20650285575736027,0.3504387576890491
1910-FMXJM,0.19434413633904146,0.3487571257647575
5712-AHQNN,0.1632858935905095,0.348657727210525
2740-TVLFN,0.2127707094018031,0.34792709236046304
9365-SRSZE,0.19033305235997133,0.34749106013655706
7801-KICAO,0.18922617274089004,0.34702249321784495
6175-IRFIT,0.19565594210600024,0.3466124636927731
6198-ZFIOJ,0.19564504537715377,0.3465951615661663
2672-OJQZP,0.21177877548014568,0.34645781577191515
7252-NTGSS,0.21177674788377776,0.3464548109551625
6582-OIVSP,0.2117759875394456,0.34645368415369215
7754-IXRMC,0.2117757340918568,0.3464533085537854
0455-XFASS,0.2028226312688809,0.3461639643166742
1628-BIZYP,0.21079366201057137,0.3449972002464582
2215-ZAFGX,0.20689037694405465,0.3448077688086376
0432-CAJZV,0.20177434955013684,0.34455139881905994
1752-OZXFY,0.09791465963551105,0.3445344531521103
4236-UJPWO,0.20533474700120669,0.3434508762229146
8495-LJDFO,0.23719028496832306,0.34340243736814
5119-NZPTV,0.20497855110497465,0.34291202358013784
2800-QQUSO,0.15128576249393122,0.3426361905822387
5298-GSTLM,0.09723235995359836,0.34249980956208814
7672-VFMXZ,0.10117121474160518,0.34237660065623665
5858-EAFCZ,0.20732015459227193,0.33983561651473915
4146-SVFUD,0.20731940806481963,0.33983450526732073
9244-ZVAPM,0.2073144312745041,0.3398270970185102
3761-FLYZI,0.2761907646224472,0.3398233769003587
9053-EJUNL,0.1652406802101789,0.3393239544945905
6350-XFYGW,0.19859100595263712,0.33923183699705506
4282-ACRXS,0.18338613987112218,0.33829567538620253
0420-HLGXF,0.16908261964093463,0.33810417041058716
1335-NTIUC,0.20219960787749724,0.33772183963241653
0595-ITUDF,0.23294665194227282,0.33771807629051165
5533-RJFTJ,0.1682304163712054,0.3370352609427266
9840-EFJQB,0.20538442305482496,0.33695140445229144
7206-PQBBZ,0.20134254471873525,0.33567120260172434
0744-GKNGE,0.23096268438985956,0.3350545587635141
5399-ZIMKF,0.18828352376192758,0.3348552021842912
5522-JBWMO,0.2035591864983658,0.334226756017986
1658-TJVOA,0.19415508546929994,0.3331050705193501
6260-ONULR,0.2024510845895683,0.33257022005743375
8356-WUAOJ,0.2023489174161578,0.3324173958760468
9350-VLHMB,0.3323482849653401,0.3323482849653401
8979-CAMGB,0.22854842443031131,0.3318082287518116
6794-HKIAJ,0.14625757911366633,0.33128903518548647
2038-LLMLM,0.171463812431202,0.33122815074543777
6988-CJEYV,0.16487280909763613,0.3310486129537248
9743-DQKQW,0.19299119624791017,0.3309675546568708
8405-IGQFX,0.17803681941728156,0.3307043406381782
4948-WBBKL,0.18315683154317708,0.3306873041904431
8996-ZROXE,0.09694178442442969,0.3301331777256449
2018-QKYGT,0.20064169536107168,0.3298614106717236
2876-GZYZC,0.18355612850325476,0.32971809777545336
2586-CWXVV,0.15109260243094869,0.32968715765302514
8875-AKBYH,0.18528384990134628,0.3294391221530957
7924-GJZFI,0.1734658648227888,0.3294209916565166
1666-JXLKU,0.18764203926978973,0.3292893886615793
3496-LFSZU,0.1921679091922872,0.3292851847236554
8160-HOWOX,0.19260068303789468,0.32904990296269754
5652-MSDEY,0.19114386683899853,0.3287174700261769
1302-UHBDD,0.1848012960088119,0.32866431274192076
0434-CSFON,0.15694482741200944,0.32826665576434966
2055-SIFSS,0.13417206213817157,0.3282516663983147
8903-XEBGX,0.19532591569121605,0.32823321004378936
2883-ILGWO,0.09583962474511099,0.3269149095221856
0913-XWSCN,0.13339913936025016,0.3265942767598322
8161-QYMTT,0.1903988203175918,0.3256328070342366
1536-HBSWP,0.19770609362121527,0.32545628717984587
7858-GTZSP,0.18918666970661924,0.32520737502255903
8631-WUXGY,0.14753795668731795,0.325132207221671
6034-YMTOB,0.18212262710498284,0.32495149711614135
3162-KKZXO,0.13247831774232233,0.32461634336544565
3191-CSNMG,0.18879436709463815,0.32443095017833645
5628-FCGYG,0.17355424974720213,0.3240396170476646
6705-LXORM,0.18145115590673888,0.323867780138236
2786-GCDPI,0.17399558999595321,0.32310102310228894
9819-FBNSV,0.18311901977226597,0.32209355341708445
6496-JDSSB,0.18448133924820542,0.32130876659345686
8980-WQFWL,0.16224773310683682,0.32097596953712915
9895-VFOXH,0.19464448002223877,0.32084853295607396
3589-PPVKW,0.19083484774005477,0.3204114569308796
2842-BCQGE,0.1483818835683247,0.3204065247393265
8660-BUETV,0.18606515259524647,0.32016426503154494
7326-RIGQZ,0.18581919361467403,0.32009952361439054
8695-ARGXZ,0.1596080789077443,0.3195858656148014
6402-EJMWF,0.1859371276123808,0.31957024722308414
4184-VODJZ,0.17124530383114955,0.31932969496436914
3716-UVSPD,0.19350762531254062,0.31913403973753285
3896-RCYYE,0.31911401791855387,0.31911401791855387
8242-SOQUO,0.1784783143474552,0.3190595799962812
9873-MNDKV,0.19035067480614443,0.3189451978397967
3966-HRMZA,0.18506535533661173,0.31859810799291977
7537-CBQUZ,0.1705813615204531,0.31821243956225576
7148-XZPHA,0.12942917727231495,0.3180403194877147
1096-ADRUX,0.3179770691401712,0.3179770691401712
2252-JHJGE,0.11091858492760931,0.3167134990227567
2373-NTKOD,0.18085686200957996,0.3155644270606528
7363-QTBIW,0.18759698006394743,0.3154427455930734
9494-MRNYX,0.18258983798393025,0.31531743103317134
6075-QMNRR,0.1915322233139658,0.315184119140399
1751-NCDLI,0.14230588423997714,0.31488239032670107
5879-SESNB,0.18766764574478423,0.31483409448661503
3439-GVUSX,0.19050027489681887,0.3145894692455389
6158-HDPXZ,0.19049588295707498,0.31458282260923953
6627-CFOSN,0.072514610464673,0.3141488974166582
3404-JNXAX,0.16852311828332323,0.31409890970525933
4061-UKJWL,0.18207921513637604,0.31391038731861676
4450-DLLMH,0.18587574378782268,0.31371986932967966
5899-OUVKV,0.13595259483014188,0.31344986658124185
1689-YQBYY,0.1813412972499957,0.31290914416135207
7839-NUIAA,0.10936605046320746,0.3128408178170047
5446-DKWYW,0.1093031568377677,0.31268361535496136
3756-VNWDH,0.2530975634725343,0.31264193000411844
9588-OZDMQ,0.1850857070654789,0.31250017706275623
8096-LOIST,0.1772303768691479,0.3123188455667002
5857-TYBCJ,0.14370241884829793,0.31197285363249805
2038-OEQZH,0.18103003586935495,0.3118734081273902
4274-DRSQT,0.3116148148733733,0.3116148148733733
2080-GKCWQ,0.18387362186614176,0.31062699816581274
8778-LMWTJ,0.18442373143927393,0.3105573347919893
2235-DWLJU,0.17962608446595096,0.31036118157100023
3317-VLGQT,0.16973257584830126,0.3094531826705311
8450-UYIBU,0.15570383133235843,0.30932443176964197
1941-HOSAM,0.18675559902109506,0.30891207870446724
6650-VJONK,0.186748022987259,0.3089005715944262
3961-SXAXY,0.18674711440175173,0.3088991915535523
2988-GBIVW,0.30812202295833024,0.30812202295833024
0082-OQIQY,0.15217114725666803,0.30709135129710696
9208-OLGAQ,0.16517233106365425,0.30705812476343763
0411-EZJZE,0.17772646429207095,0.3070504779336589
7901-HXJVA,0.1680889219894588,0.30672922015200355
2985-FMWYF,0.16312186530825323,0.30662000149081736
8087-LGYHQ,0.18138794456630813,0.30586886872595076
7878-JGDKK,0.17720272814839466,0.30584224667813886
6786-OBWQR,0.17021056463409756,0.3056000493591361
4884-ZTHVF,0.1743900387482351,0.30525836523923666
1391-UBDAR,0.18138277755702092,0.3051604417045939
6652-YFFJO,0.18137122321743948,0.30514260106952074
2880-FPNAE,0.18015001155160315,0.30485800054557144
4727-MCYZG,0.18404612457288405,0.30479132228261563
4879-GZLFH,0.1324380069964225,0.30465219247695474
9290-SHCMB,0.1680818589860945,0.3044259579504265
0187-QSXOE,0.17654064198187436,0.3039414587588525
8807-ARQET,0.14600768158570754,0.3038680062388107
3413-DHLPB,0.0843193637339783,0.30308452785421436
3320-VEOYC,0.16563885967374026,0.3026589224640953
0581-BXBUB,0.1750103437310554,0.30237639667252103
7109-MFBYV,0.1594674687401042,0.30200131633634153
7074-STDCN,0.14883051113173817,0.301625130034218
9576-SYUHJ,0.16991843282817654,0.3008817256612736
8445-DNBAE,0.18112847188701986,0.3003418912062422
9752-ZNQUT,0.18095979306044196,0.3000842730690648
4395-PZMSN,0.16642683003774017,0.2993973865829125
0058-EVZWM,0.12087103424663947,0.29936535024032096
4062-HBMOS,0.18045055010198852,0.29837962098412085
1656-DRSMG,0.15856707677227033,0.2978332487747942
7402-EYFXX,0.15673999778193948,0.29730551933047855
8677-HDZEE,0.0986592604262001,0.29722100804335916
8064-RAVOH,0.17887504602444015,0.29689685280225686
1200-TUZHR,0.16906624512852086,0.2967191729585945
5371-VYLSX,0.15824427073946823,0.29648832145345294
3055-MJDSB,0.17519982495099484,0.29626751109990057
5630-IXDXV,0.13992141787178003,0.2962282131353706
7269-JISCY,0.11915807169308856,0.2955887234647724
1777-JYQPJ,0.17413515613278963,0.29549311610895024
3489-HHPFY,0.1739028626991561,0.2951303044894502
8993-IZEUX,0.17092393727044364,0.2950593192457702
5136-GFPMB,0.1333895000608457,0.2950364866436883
2683-JXWQQ,0.10201393718512564,0.2942952626162343
8495-PRWFH,0.12717069936915948,0.29380391297710584
5233-AOZUF,0.1448655424334797,0.2937525042316428
3055-VTCGS,0.15617367258462134,0.29373675122430654
8149-AIQCG,0.1442529443564151,0.29323016833575954
8800-JOOCF,0.1686533129727933,0.29280047023647326
0650-BWOZN,0.15661084289112237,0.2925426194725006
0439-IFYUN,0.15660637868380833,0.29253501080347855
9360-OMDZZ,0.15698320798920506,0.29126270329582327
1472-TNCWL,0.1588900101493943,0.29064818747769594
5216-WASFJ,0.12489111672653364,0.2906015443783775
5935-FCCNB,0.15229629822373691,0.2901654750571241
8120-JDCAM,0.1673238871081617,0.2901617249946754
5968-VXZLG,0.17065839265144522,0.2900540139650504
0999-QXNSA,0.1676354973393276,0.28983480812522433
0221-WMXNQ,0.16700790943563426,0.2896574873593978
3196-NVXLZ,0.15044937669500225,0.2896529605690298
8818-DOPVL,0.12961945608237724,0.28964707497597597
4724-WXVWF,0.14774181162786648,0.2896047894837468
4452-QIIEB,0.16717626619226145,0.2891037803997544
7967-HYCDE,0.16391566179300288,0.28841077503641466
8455-HIRAQ,0.16386591294735608,0.2883302998190075
5382-SOYZL,0.14568998432377422,0.28817663253482917
0396-YCHWO,0.15716581638998128,0.2877594411832586
0516-UXRMT,0.12478473407282331,0.2876521082274285
8819-IMISP,0.12346176509830398,0.2876156913058002
5650-YLIBA,0.12345958015919767,0.28761112119280674
1697-BCSHV,0.062417992472812545,0.28719878157651235
8849-AYPTR,0.13516536867543583,0.28716582514938704
2122-YWVYA,0.15316440269586373,0.2866562355016097
8148-BPLZQ,0.14129217063594057,0.2863128183970167
8456-QDAVC,0.160925036151362,0.2859230252782333
5334-JLAXU,0.07846950078856929,0.28465216357962886
2809-ZMYOQ,0.1259976233065251,0.2843599029692835
2887-JPYLU,0.13562608998157055,0.28429398186497223
2452-SNHFZ,0.13361590637096565,0.28414438812592213
4194-WHFCB,0.06453453430433675,0.2840741789973944
9544-PYPSJ,0.12290088633940399,0.2837436651528027
5439-WIKXB,0.13533466178879427,0.28374008492334957
5022-KVDQT,0.15211170788200412,0.28370219915098505
9812-GHVRI,0.1372916185065698,0.28287106071401624
8648-PFRMP,0.15367855647082962,0.282619006543121
9327-QSDED,0.1603139305927319,0.28257336335445327
9821-BESNZ,0.2825439034235776,0.2825439034235776
2187-PKZAY,0.162147811442531,0.2823852150213244
6630-UJZMY,0.1618777086950105,0.2814473795286261
8775-ERLNB,0.16861448717673921,0.2811163565027638
9261-WDCAF,0.16135240811090168,0.2809601720887045
0623-EJQEG,0.22625579602716483,0.2807466187235066
6243-OZGFH,0.14801572235136673,0.2806382455132578
5226-NOZFC,0.14711436134248024,0.2806032897474371
4128-ETESU,0.13172993922858423,0.2805073048150776
6507-ZJSUR,0.14774994468857638,0.2801767265229562
2135-DQWAQ,0.15478908650247403,0.28015086067255823
8584-KMVXD,0.1587638613339296,0.2800541744992149
8095-WANWK,0.15981755269712716,0.27904114015217796
4060-LDNLU,0.16079908056804815,0.27891619770607146
8961-QDZZJ,0.07982329294123758,0.27883469684350026
9334-GWGOW,0.1606799273657884,0.27872521008762197
2077-MPJQO,0.1606777422647807,0.2787217074260523
3422-GALYP,0.16339118562224741,0.2786238190034849
2921-XWDJH,0.14791138220159206,0.2783821247571606
6345-HOVES,0.13667794782117682,0.27779299535362123
7594-LZNWR,0.13662666914147048,0.27769800146299506
3855-ONCAR,0.15897358711352882,0.27678030247231233
9796-BPKIW,0.15657350219226296,0.2764872467549969
2538-OIMXF,0.16540746231534487,0.2761524012502755
4815-GBTCD,0.15856282409096722,0.2761190487644425
2519-LBNQL,0.07575516668227655,0.2759754627756347
4718-DHSMV,0.1624630658579146,0.275671237467328
6103-BOCOU,0.14426979526657813,0.2756286261941039
4459-BBGHE,0.12222643715843107,0.2749038644661065
6923-JHPMP,0.16082778584340485,0.27457223152170485
6719-OXYBR,0.1447690128600816,0.27451034813428754
7517-LDMPS,0.15704718704619713,0.2741694600733533
3365-SAIGS,0.14292990202936007,0.27380007913911786
7339-POGZN,0.15696717590743914,0.27354767573443384
5651-CPDND,0.15633850370480795,0.27342192800291965
0315-LVCRK,0.1607165362077595,0.2729212073813183
6180-YBIQI,0.15044238171734636,0.27289694008154153
0225-ZORZP,0.15632691745856953,0.2728624315811278
6029-CSMJE,0.14237893444968486,0.27283138612388724
1212-GLHMD,0.15624446126112868,0.2727292144436311
3518-PZXZQ,0.1630081264545824,0.2724287810742322
5960-MVTUK,0.15568881660451894,0.2718312119972808
1228-ZLNBX,0.14280861644545595,0.27136193107763107
7318-EIVKO,0.15301781229207245,0.2706791397594225
3327-YBAKM,0.18379324368929228,0.2706166569186482
5351-QESIO,0.1618237930846157,0.2705876673541483
3914-FDRHP,0.15881877341870698,0.27056374161669894
5934-RMPOV,0.13579571281825709,0.2702599666729124
4320-QMLLA,0.15536969103848663,0.27018975107084775
4132-POCZS,0.1618084472673188,0.2697082336403085
6145-NNPNO,0.16116910609964763,0.269569039509576
5382-TEMLV,0.12884351015162165,0.2695358167849645
3537-HPKQT,0.10739840547959245,0.26931087448745683
5198-EFNBM,0.07648486394734522,0.2684989575375565
2637-FKFSY,0.15360000955467212,0.2684507725545071
2824-MYYBN,0.149884031343963,0.26809027699348686
5692-ICXLW,0.11418288323536752,0.26804564273310716
8313-KTIHG,0.15350054997405527,0.26794660784928725
8132-YPVBX,0.15307505852610404,0.26787887950911826
4138-NAXED,0.1409650882812684,0.26685423079643744
6969-MVBAI,0.15641759287264423,0.2667610290950134
9944-AEXBM,0.11731646729331235,0.26656998687776345
0471-ARVMX,0.11450437419624793,0.2661651258130838
5035-BVCXS,0.15616441355842758,0.26573153473400446
0793-TWELN,0.15199251874271102,0.2655038119285401
2254-DLXRI,0.15811176169848595,0.2648038276711199
1251-STYSZ,0.15154124172364747,0.264772070694259
5176-LDKUH,0.13390129310122434,0.2647008227643153
1310-QRITU,0.14030464756520644,0.26447359877999477
1025-FALIX,0.13787113156493214,0.2643736825795452
3162-ZJZFU,0.1453823669460924,0.26415985329324254
0430-IHCDJ,0.13856928185970607,0.2636769795007988
2019-HDCZY,0.13879742330247014,0.26363018762018253
7572-KPVKK,0.11327704065780442,0.26357394119424793
0921-OHLVP,0.13203052538960658,0.2633790885668653
3413-BMNZE,0.15719599199486722,0.2633738424944413
7729-JTEEC,0.1537211789107179,0.26328605525241966
2430-RRYUW,0.263224694080504,0.263224694080504
6778-YSNIH,0.15364178732043277,0.2631595250800347
9584-EXCDZ,0.1367914752715894,0.26296991281035853
9705-IOVQQ,0.08982072775207961,0.2627799688675503
3689-MOZGR,0.12817056724150688,0.26274414766799226
8242-JSVBO,0.15019959418487094,0.26183481100795303
3541-ZNUHK,0.1040767390080195,0.2617768737207279
2103-ZRXFN,0.15575541999237874,0.26112189550428666
2522-AHJXR,0.07109341265886493,0.2608881911401514
1173-XZPYF,0.15306921868384782,0.2608247631947951
3481-JHUZH,0.12326923140730894,0.2605956595055796
3987-KQDDU,0.1522726718703089,0.2601757694670792
3915-ODIYG,0.07087382649077945,0.2601717110848345
2984-AFWNC,0.14846889832404753,0.26011579353349235
3904-UKFRE,0.14867133301351243,0.2601106023580736
6137-MFAJN,0.13128905912293953,0.2599492133340624
4480-QQRHC,0.14639026314181403,0.2597945338014286
7404-JLKQG,0.14802714036230125,0.25939614247305653
5600-KTXFM,0.15117174941502354,0.2592179829653879
8107-KNCIM,0.13986952390300855,0.25913006921710946
8180-AKMJV,0.15439130999632666,0.25898668554172377
3969-GYXEL,0.15187489804959875,0.2589274886852432
9281-OFDMF,0.12567558865766182,0.2585919936720441
5989-PGKJB,0.14437903474470692,0.25788810833465303
2625-TRCZQ,0.13545990305622402,0.2572237328170719
4026-SKKHW,0.1466905302564384,0.2572167342965235
1763-WQFUK,0.14668961576426354,0.2572152421495967
1346-PJWTK,0.08765807346952359,0.2570904889435335
1845-ZLLIG,0.15309463297892634,0.2569545110332513
7470-DYNOE,0.1410119391847977,0.2567946212967479
7997-EASSD,0.13480384891641517,0.2566199045258808
5117-IFGPS,0.12482452702640101,0.25644114666271656
4065-JJAVA,0.15269091708074434,0.2563213000966823
1471-GIQKQ,0.15268920986303647,0.25631862189499466
0701-RFGFI,0.12404335535846234,0.25586355147474393
1307-TVUFB,0.10903577698923161,0.25566846056055803
8266-VBFQL,0.14582838206661675,0.2554793955812079
3094-JOJAI,0.13492500719889067,0.25509154872647966
3338-CVVEH,0.14519406326515116,0.2549087119640602
5404-GGUKR,0.1395824882762594,0.25461839492659655
6729-GDNGC,0.13974329877619407,0.2543981002641642
2001-EWBQU,0.06908578896359852,0.2543180207994665
7296-PIXQY,0.13696133515000497,0.2541352828430281
0311-QYWSS,0.14450793825668928,0.25391840553263034
1580-BMCMR,0.14112985955075485,0.2532382723991724
3807-BPOMJ,0.10031558098279225,0.25318643837674726
9620-ENEJV,0.14375882509340854,0.2526918394776865
2657-VPXTA,0.14354058628809385,0.2525757937844607
3995-WFCSM,0.14698948302319625,0.2525224188333669
5348-CAGXB,0.14372900702332003,0.25251172059848537
1406-PUQVY,0.1502219773226422,0.25244370622065926
5240-CAOYT,0.07132951127158271,0.25232161238476314
9779-DPNEJ,0.12597882452050935,0.2522469422252035
1170-SASML,0.25183185560682286,0.25183185560682286
5044-LRQAQ,0.14403531395986258,0.25181562473057517
8035-PWSEV,0.14320391230904006,0.2517826420282603
6959-GQEGV,0.11947206391691356,0.25152023169735394
2240-HSJQD,0.13243392621339478,0.2514130081788044
3588-WSTTJ,0.12398640326332189,0.25132276551387667
9933-QRGTX,0.06813896057739044,0.25120414247101197
6888-SBYAI,0.1492785955922219,0.2509597326581444
7794-JASDG,0.1492784097564832,0.2509594402041022
7978-DKUQH,0.1283543431945655,0.2503478362441224
0374-AACSZ,0.14888366439015932,0.25033810667327006
6257-RJOHI,0.1426725391095639,0.25032272564699376
6080-TCMYC,0.11942586534102806,0.24899993565093392
7449-HVPIV,0.09835582091987727,0.24868522173087382
2209-XADXF,0.14773551876739632,0.24852962302416037
1024-KPRBB,0.13062092673658154,0.2482209129246049
6817-WTYHE,0.14386422054704695,0.2475012156473939
0015-UOCOJ,0.14138243307562903,0.2474844524932236
0804-XBFBV,0.14458956767760844,0.24730675757243548
7820-ZYGNY,0.1292952959493987,0.24689445806466115
6067-NGCEU,0.19800333598475806,0.24683315030354724
2495-KZNFB,0.11444425354076504,0.24671693923413507
8887-IPQNC,0.14082511122156904,0.2465730782450688
6195-MELTI,0.06950843105133597,0.2465438702953976
1534-OULXE,0.08364705580812593,0.24645813088646573
9308-ANMVE,0.11386488696521335,0.24553136076499915
8286-AFUYI,0.14563224450819523,0.24521170549561222
7312-XSBAT,0.14562570362315963,0.24520137719953716
3462-BJQQA,0.13905865994797095,0.24497451399840886
3865-QBWSJ,0.12871102043495064,0.24485071278947124
6233-HXJMX,0.11597807306027796,0.2447403630573508
0487-RPVUM,0.08295095467818081,0.24460226509695926
1600-DILPE,0.1385840346254552,0.24406552053177177
9903-LYSAB,0.12864050286543993,0.24405493391696875
5973-EJGDP,0.12794243919370374,0.2439694123456898
8847-GEOOQ,0.06591092483233729,0.24383791429367607
9058-MJLZC,0.12945083806315227,0.243824058341776
6692-YQHXC,0.13591620625036505,0.24378471782808975
0585-EGDDA,0.1166526933817914,0.2436643781887433
6341-AEVKX,0.10387195175749542,0.24353321596244926
3545-CNWRG,0.11738701815923747,0.2431863986748256
1020-JPQOW,0.07861809582340562,0.24273210949945245
0512-FLFDW,0.06554046767594779,0.24260783408222708
3420-YJLQT,0.14073109956932417,0.2424520795544327
2070-XYMFH,0.12593967263381722,0.24178505141967188
2040-VZIKE,0.11663045319703946,0.24173802038398262
4223-WOZCM,0.1398814573852435,0.24108021050335715
6266-QHOJZ,0.19316782370912577,0.24099423200301806
1221-GHZEP,0.1025756017689673,0.2407452581603461
9992-UJOEL,0.13966087428117657,0.2407238633226464
5312-IRCFR,0.16231313249271584,0.24057484553524022
4301-VVZKA,0.13370359597655568,0.24007649120328967
8799-OXZMD,0.11970655489339721,0.239677341188282
7952-OBOYL,0.1358683516280217,0.23946068176404522
2903-YYTBW,0.14189725549771648,0.23930389254908346
4343-EJVQB,0.13636530005236402,0.23926163525165345
9732-EQMWY,0.11518342477829335,0.23896355201759278
1698-XFZCI,0.08064948498894542,0.2384438555878462
2273-QCKXA,0.14118982824022785,0.23818263557063335
2277-VWCNI,0.1350890412021084,0.23786349259641426
2674-MIAHT,0.1345279393431199,0.2369378366831557
2603-HVKCG,0.09969591182063853,0.23684017072162167
3797-FKOGQ,0.13789793225397085,0.2365613401567801
1767-TGTKO,0.13238986015902876,0.23655027718643595
3748-FVMZZ,0.133915832188517,0.2359274400262784
1818-ESQMW,0.12455167743832118,0.23583987792749184
0376-OIWME,0.1267419489244035,0.23582876298337208
8709-KRDVL,0.10891027427502975,0.23569816926541876
0168-XZKBB,0.13050271471721464,0.23540243230436453
7876-BEUTG,0.12214356579898111,0.23457665096083002
3841-CONLJ,0.13881143055760503,0.23440759304446135
2832-KJCRD,0.12275585393793054,0.23429298509785734
2080-CAZNM,0.1095532907558604,0.2337796257047653
6407-UTSLV,0.13521322816081194,0.2335225980065505
5271-DBYSJ,0.13584138211263042,0.23324516230581582
4422-QVIJA,0.11415534115170523,0.23282853717585883
4819-HJPIW,0.12223824614164913,0.23272675402964826
8617-ENBDS,0.1317302983333929,0.23261964603338892
4299-SIMNS,0.13501166722449354,0.23246661236746036
5035-PGZXH,0.07488920757615569,0.23227488296966792
8582-KRHPJ,0.12138740102768553,0.23216943444557425
1376-HHBDV,0.10157253583651848,0.232106627146895
4833-QTJNO,0.23203762208382028,0.23203762208382028
6789-HJBWG,0.1312025327427232,0.23187039901112017
4950-BDEUX,0.11349221213288263,0.2315722362457696
8167-GJLRN,0.13104867573146972,0.23149004548179597
2828-SLQPF,0.12801856678904755,0.23120414554904
3503-TYDAY,0.10353123173329792,0.2311280193435058
0929-HYQEW,0.13052379641720735,0.2306196752443982
4360-PNRQB,0.12098060245812381,0.23049141799791995
5443-SCMKX,0.048633582776080986,0.23040188304435294
3470-BTGQO,0.1195195832287208,0.230108478506867
4998-IKFSE,0.10059172479309808,0.2300379198063891
5780-INQIK,0.12846840195100406,0.2299786256822508
8082-GHXOP,0.12385169840862043,0.22958780509190435
0722-SVSFK,0.13044520779788327,0.22950561990661522
4455-BFSPD,0.07729844359620763,0.2294150067639955
5331-RGMTT,0.10121007385503422,0.22939160872024822
2523-EWWZL,0.12084727861489819,0.22928729968316286
8104-OSKWT,0.12922297212714617,0.22858443942529805
2905-KFQUV,0.13205743322281027,0.2283942914428908
1110-KYLGQ,0.1186981018671115,0.22800296313880353
0599-XNYDO,0.12411878857981973,0.22775952646489173
5575-TPIZQ,0.09954625095210401,0.22764643636807846
5843-TTHGI,0.11938063497680229,0.22764286241895515
3521-MNKLV,0.12020748633953526,0.2275503130155453
2476-YGEFM,0.10959346307274354,0.22737663492258042
7989-AWGEH,0.10915902549304946,0.227352494652714
5297-MDOIR,0.11830629448251406,0.22729990094574648
4999-IEZLT,0.22720384141990657,0.22720384141990657
9348-YVOMK,0.12841685155143734,0.22682243472265173
5110-CHOPY,0.060736633257625794,0.22651959131885124
3703-KBKZP,0.12539627005539422,0.2260765827286616
1849-RJYIG,0.12612723842282703,0.22604253953449527
0682-USIXD,0.11699310239773564,0.2255630230124429
1399-UBQIU,0.13101514867008335,0.22543747698104366
9469-WEJBT,0.12440054909359355,0.22533931627027637
7567-ECMCM,0.11891508278458573,0.2252610053547467
8676-OOQEJ,0.12742798104033104,0.22517977251844
0419-YAAPX,0.107814032102303,0.22474698338551602
4012-ZTHBR,0.11650234138542304,0.22467848949808933
3969-JQABI,0.047285294900435204,0.22465537638756883
0178-SZBHO,0.10329810605214418,0.22439667142094954
9480-BQJEI,0.09499702215410155,0.22432180649567324
6656-JWRQX,0.132212468803374,0.22389056744592029
5701-YVSVF,0.1300019035324088,0.22379376716852462
1635-FJFCC,0.1213548620344258,0.22344103992706588
0147-ESWWR,0.10730460815761311,0.22343826304935632
3058-WQDRE,0.12023839347749965,0.22330750610167704
9845-PEEKO,0.049135667803284266,0.2230585649340595
5215-LNLDJ,0.12650190742912626,0.22297526917505062
7278-CKDNC,0.11753694524008873,0.22281607063448572
5419-JKZNQ,0.0968137979483712,0.22203865321677696
0723-VSOBE,0.10424839168126654,0.2217285419011491
3192-LNKRK,0.10694956492424523,0.22156881804315232
9167-APMXZ,0.10953055510596854,0.2215368432813276
5666-CYCYZ,0.11674153205234017,0.22140317206278515
3126-WQMGH,0.10595098717391072,0.22112990832206847
2972-YDYUW,0.06161172865889486,0.22110403150775537
4355-CVPVS,0.07085127902709143,0.22083654239448303
5816-SCGFC,0.12503628453619198,0.2205415902242005
8400-WZICQ,0.08626271644600614,0.2205263939564548
9919-KNPOO,0.11412663416734992,0.22038925637181994
1895-QTKDO,0.12994452188562078,0.2202614626612499
0463-ZSDNT,0.12402323498202183,0.22025416927728725
7398-SKNQZ,0.12423742776727897,0.2201597307849117
2014-MKGMH,0.09598016679610455,0.22008934647463585
6968-MHOMU,0.04614257524985821,0.21975786352606907
1816-FLZDK,0.1292943340879692,0.21921967512847418
8755-IWJHN,0.21899745263716563,0.21899745263716563
6704-UTUKK,0.10512178842141251,0.2187270978047441
9638-JIQYA,0.12612717878817992,0.21871540723776117
7718-RXDGG,0.11328870609757635,0.21864912550868787
1047-NNCBF,0.11882833173166918,0.21863647824647647
3413-CSSTH,0.10192527632084258,0.21863247190166757
5423-BHIXO,0.09444617659986931,0.21844715989385233
5701-ZIKJE,0.11744127448787889,0.2184285595505443
3572-UOLYZ,0.09518711146919456,0.21840279398291862
4010-YLMVT,0.06996602977014088,0.21831290131564274
5445-GLVOT,0.10774614481095457,0.21816530497759867
4927-WWOOZ,0.12545034708097214,0.21760725694789884
2782-LFZVW,0.12604134922555066,0.21735381630915285
4918-FYJNT,0.08491705107491343,0.2173520613170432
4826-TZEVA,0.10311810557505185,0.21732223058837175
5091-HFAZW,0.12512994738681527,0.21708243042786857
6339-DKLMK,0.11635803675009426,0.2165350477281095
4109-CYRBD,0.10394672797358584,0.21644539444878852
9639-BUJXT,0.1122675561136176,0.21642251628585862
0523-VNGTF,0.1278191571554692,0.21614214081771232
9828-QHFBK,0.11370027194496168,0.21598903188667629
5651-YLPRD,0.0932738043519783,0.2159309542027572
0277-BKSQP,0.12013214650907733,0.21591993618840122
5074-FBGHB,0.1447857068409134,0.21574263229028623
2560-PPCHE,0.17229100073537607,0.21567138999993574
5223-UZAVK,0.14468551781242267,0.21559987090052446
4159-NAAIX,0.11166485010606264,0.21533261066684217
5405-ZMYXQ,0.11972655527747833,0.21523285209538434
3597-MVHJT,0.11277907574560897,0.21491786482721298
0239-OXEXL,0.09337017702218087,0.21453064455333326
6435-SRWBJ,0.11618950751686263,0.21449255581414006
7554-AKDQF,0.1206594192327648,0.21440836686176012
3509-GWQGF,0.11276332436971626,0.2143172404840823
9957-YODKZ,0.12058161525790201,0.21427791062036117
4132-KALRO,0.12088828889616965,0.21427550458895073
2931-FSOHN,0.11499874893853446,0.2141558011335346
6284-KMNUF,0.06840582434782327,0.21385108673729325
2480-SQIOB,0.12055919978008967,0.21372490696832547
7798-JVXYM,0.11357940362727115,0.21337014772972784
8695-WDYEA,0.1255766117931051,0.21325105193671823
2853-CWQFQ,0.12549062402836264,0.21311276586975758
1559-DTODC,0.11715572930215312,0.21271630388659957
3234-VKACU,0.1224236179034004,0.2126429927591318
6743-HHQPF,0.08923076436784161,0.21261727074241776
7748-UMTRK,0.09237703839558131,0.212581576071586
3391-JSQEW,0.10062106799990711,0.21240746653393094
0887-WBJVH,0.11504073839038753,0.2122890554469148
0641-EVBOJ,0.11937668785274003,0.21202674691999446
9314-IJWSQ,0.11252728750982532,0.21151046224975933
0943-ZQPXH,0.09366011628381254,0.21103296750019052
5336-UFNZP,0.168419671550315,0.21095544817229606
5022-JNQEQ,0.12177449424941711,0.21090553874050288
1666-JZPZT,0.11051180876029387,0.21085572135001607
9626-WEQRM,0.11879073656283856,0.21076302266225933
4256-ZWTZI,0.11398896476713327,0.21066511635984064
8375-KVTHK,0.2106334493059141,0.2106334493059141
6851-WEFYX,0.1024823477240342,0.21055085985727273
5482-VXSXJ,0.10360456813870622,0.21030988785807636
5760-FXFVO,0.11795747284234037,0.20987200715067433
3583-KRKMD,0.10944856676053527,0.20984037952928636
7018-WBJNK,0.11248991125726204,0.20975508375291174
5312-UXESG,0.09741248603766284,0.20959246009231136
0956-ACVZC,0.0917635306207859,0.20946303683203815
0027-KWYKW,0.10795229951252328,0.20935116311421187
2924-KHUVI,0.0668349192340385,0.20934055107149685
4183-MYFRB,0.10802161999670323,0.2093112107125743
1329-VHWNP,0.1182668264073008,0.2092550541806022
8097-VBQTZ,0.09162502885545798,0.20916861476753523
3452-GWUIN,0.11488487998702168,0.20882487895222668
8805-JNRAZ,0.12005648949254621,0.20875064119619613
0196-JTUQI,0.12039203928881537,0.2086382022844887
9633-DENPU,0.095438987647393,0.2084610714715841
5429-LWCMV,0.117068275717085,0.2082648715981138
7945-HLKEA,0.05522446333919584,0.2077422445899182
6818-DJXAA,0.11656325789410116,0.20773117413047637
0856-NAOES,0.11650321447978895,0.20742536895810493
9279-CJEOJ,0.1069539683988221,0.2073656275187068
8189-HBVRW,0.11218523393254742,0.20731869614542653
2604-XVDAM,0.11646741949813622,0.207253997176564
9688-YGXVR,0.09183335509146684,0.20719468413881825
0480-BIXDE,0.11373733510137773,0.20685490129367934
7821-DPRQE,0.20664939997687137,0.20664939997687137
2371-JQHZZ,0.10847646982880221,0.20664533411893038
1320-REHCS,0.12184974849065666,0.20656327437579758
3154-CFSZG,0.09445761313832213,0.20645817695641377
5619-PTMIK,0.08957413778060475,0.20640402176741812
9912-OMZDS,0.04510107810593589,0.20640358086799693
5697-GOMBF,0.10192651476908698,0.20629020202040882
5339-PXDVH,0.11602003053195664,0.20611212062185502
3384-CTMSF,0.09421273239312489,0.2059579474641986
6360-SVNWV,0.08569097182401975,0.20591232788374525
7668-XCFYV,0.10514819818915844,0.20582241171382365
6542-LWGXJ,0.1156729447095366,0.20580323166368175
3920-HIHMQ,0.10530245847481612,0.2056956369374744
8714-CTZJW,0.115665175176761,0.2055155418159358
7928-VJYAB,0.11871115994175441,0.20537159549508432
6116-RFVHN,0.09858269129616781,0.20532728608573536
8232-CTLKO,0.20511411879631625,0.20511411879631625
9375-MHRRS,0.11512894010908503,0.2051100482251691
8587-XYZSF,0.20492880721701845,0.20492880721701845
5343-SGUBI,0.1207585229343876,0.20480671656013683
0258-NOKBL,0.1150069458520957,0.20468171040132566
6559-PDZLR,0.10461626376279032,0.20443429691458137
5948-UJZLF,0.11738386536464096,0.204345486562451
9107-UKCKY,0.0681127415691476,0.20428655180741329
3050-GBUSH,0.1146861806238797,0.20414128835824408
2207-QPJED,0.11192906677161318,0.20399327849785898
3115-JPJDD,0.04450237276127056,0.2039079387098598
2920-RNCEZ,0.11977592360284373,0.2038983596693994
0570-BFQHT,0.11750073066165356,0.20388672604307023
5213-TWWJU,0.10058016186951169,0.2037307744387271
6629-LADHQ,0.11700273685082796,0.20371638718942275
3370-GQEAL,0.08824242785178438,0.20370732634081068
8229-MYEJZ,0.11417634793595999,0.20370458766349642
8981-FJGLA,0.1176339432958069,0.20360382767124718
0201-MIBOL,0.2031528895094249,0.2031528895094249
7895-VONWT,0.10259266005216783,0.2031196268126455
9667-TKTVZ,0.11654777549961737,0.20296512226262764
7850-VWJUU,0.10413761099546814,0.20238300076364313
3096-GKWEB,0.10530672267105223,0.20235555978107111
7766-CLTIC,0.11336392242849769,0.2023318924844597
0928-JMXNP,0.11374852276351788,0.202289679940713
3787-TRIAL,0.10416357916654406,0.2022691073856253
8715-KKTFG,0.06729637316961867,0.20202625373498828
3890-RTCMS,0.11123627857583429,0.20193254373995406
3956-CJUST,0.10381884626971138,0.2017993020339962
6218-KNUBD,0.11307444785783805,0.20164284108729313
2582-FFFZR,0.09902665171084057,0.20157778617818622
9114-VEPUF,0.08466070055995989,0.20157716982139373
6143-JQKEA,0.11290154040833611,0.20155014604897825
7225-CBZPL,0.10278199801015575,0.20146021975785022
9773-PEQBZ,0.11280414923622051,0.20138544172606265
1919-RTPQD,0.1135133785585769,0.20128479280495548
2946-KIQSP,0.09765254553470815,0.20123198981066415
8344-WFMFH,0.11586227161865681,0.20118843596822011
3733-UOCWF,0.06694287464330928,0.20104613858838782
8033-ATFAS,0.09563180965795737,0.2006346930598396
3086-RUCRN,0.20063298475061697,0.20063298475061697
5999-LCXAO,0.11753147566757893,0.20026648365051392
8967-SZQAS,0.1061465324628702,0.20018523758927598
9626-VFRGG,0.09271841270299341,0.20012699665566192
0817-HSUSE,0.1174238955196022,0.20009221887942852
2669-QVCRG,0.09266607502638513,0.20002110074512824
7753-USQYQ,0.0775247387143907,0.1997669953260819
9134-WYRVP,0.10332461511989677,0.19972676954179702
2709-UQGNP,0.11156955044344186,0.19929615680401325
1596-OQSPS,0.11487121331445105,0.1990619621048184
8659-HDIYE,0.1331023048114517,0.19903240847374226
9396-ZSFLL,0.10248965574553537,0.19899683704255422
3312-ZWLGF,0.09495513501313313,0.19886449393442862
0979-MOZQI,0.08343121026293943,0.1988451401557374
7410-OIEDU,0.11128670186049405,0.1988171387623714
7421-ZLUPA,0.10990906004874679,0.19851475141477293
6862-CQUMB,0.10834581200058802,0.19780876363014344
9494-BDNNC,0.19768067328392824,0.19768067328392824
7964-ZRKKG,0.19695932960169282,0.19695932960169282
5302-BDJNT,0.09534652542066913,0.19676169694732326
2636-SJDOU,0.13146121404378708,0.19667518867061728
8910-LEDAG,0.09404949058534429,0.19645069376925595
1261-FWTTE,0.10087974179316306,0.19640709272476498
0623-GDISB,0.11511638465165408,0.19635034836413567
2359-KLTEK,0.09076384012105232,0.19616689977096735
1307-ATKGB,0.10265381075371338,0.19616472266288576
9332-GYWLO,0.10976905112841506,0.19604978744333001
7590-VHVEG,0.11492793562131509,0.1960444187842304
8224-DWCKX,0.10976596511638925,0.1959387415865781
9150-HEPMB,0.06203961065600383,0.19545887066093737
4827-USJHP,0.10549012155966009,0.19540393968576342
4926-UMJZD,0.08098426043500384,0.1953491766441252
2573-GYRUU,0.09651568879562655,0.19514166826203216
1925-LFCZZ,0.07558245622859372,0.1951052201059409
1456-TWCGB,0.10933793732736274,0.19484323543215643
3043-TYBNO,0.1088773872825638,0.19432506851567088
3794-NFNCH,0.08377006227321426,0.1940415067092599
8838-GPHZP,0.09991900823308697,0.19393717215781126
9552-TGUZV,0.1072311474417037,0.19392558617440758
2504-DSHIH,0.0994640189757422,0.19380309051182276
7921-LMDFQ,0.10001169851649838,0.1936747856908263
8782-NUUOL,0.05108826830811486,0.19342741585796763
7879-CGSFV,0.07475166569556257,0.19310591864319981
0222-CNVPT,0.11349316780205676,0.19306820576666195
6078-VESFR,0.10300253336781129,0.19300386359502242
4690-PKDQG,0.08036021089260892,0.19285506029965904
5119-KEPFY,0.1020731754304468,0.19239080441230538
7129-ACFOG,0.10344437269176388,0.1921986748055874
9572-WUKSB,0.10755285247876845,0.19207889274388645
7442-YGZFK,0.11247168488746462,0.19205223253632286
2843-CQMEG,0.1003775617183742,0.19204869572998762
4360-QRAVE,0.10499249468511129,0.1920003141576161
7605-SNLQG,0.08937766491145693,0.19199646809251003
2267-WTPYD,0.05277480203805418,0.19188188155819552
1958-RNRKS,0.08273178171090745,0.1917876207587309
5175-WLYXL,0.09392367183266792,0.19178337938665602
1768-HNVGJ,0.08924532794180573,0.19172906914774457
6464-KEXXH,0.1059506585047667,0.1917268123274094
5168-MSWXT,0.10572147477247884,0.19133297321929377
7064-FRRSW,0.09449527394938195,0.1912870734451605
3003-CMDUU,0.09623333300877479,0.19122874497923503
9163-GHAYE,0.09814740785997089,0.1910241801210555
2672-TGEFF,0.10426890424057411,0.19074431005550951
6873-UDNLD,0.08971377438019834,0.19073859529294124
5090-EMGTC,0.041330781269437455,0.19058249140357675
2480-EJWYP,0.03939269820218794,0.19031540803558966
4931-TRZWN,0.10140877146873883,0.19017287054074028
5424-RLQLC,0.10616976281875168,0.19012821502352006
1101-SSWAG,0.0976216921816675,0.19005618359559684
6729-FZWSY,0.19004566986480653,0.19004566986480653
6907-FLBER,0.11120355072636645,0.18998770340959148
9508-ILZDG,0.09071222596377781,0.1898813257858758
0052-YNYOT,0.18954782425970418,0.18954782425970418
7982-VCELR,0.10041694994989891,0.189431767801705
7426-RHZGU,0.10851246201576337,0.1890337040210759
0423-UDIJQ,0.10843157284180038,0.18889947247180772
3932-IJWDZ,0.08779297930957242,0.18879120497011603
5553-AOINX,0.18851015728705633,0.18851015728705633
9094-AZPHK,0.09669675133279554,0.1883516559614904
4546-FOKWR,0.10331320312152192,0.18826864782836594
3352-ALMCK,0.0884804692042771,0.18826787711560222
1131-SUEKT,0.062359332947916735,0.18826228001374123
0975-VOOVL,0.10521735278284894,0.1881111939410406
7271-AJDTL,0.07260384711091872,0.18792250921827625
6135-OZQVA,0.10545970476893052,0.1876963445372417
8868-GAGIO,0.08723290822045104,0.18765667526873198
2000-MPKCA,0.038764234579697576,0.18752896220958704
0916-QOFDP,0.09892956221474536,0.1872789510377615
4465-VDKIQ,0.09692057286974853,0.18709100999063177
1360-JYXKQ,0.08124394547060898,0.18691629880402993
5599-HVLTW,0.09866615359402853,0.1868059461544237
1384-RCUXW,0.10241880210974497,0.18671923899422704
4310-KEDTB,0.09499999753575206,0.18664915429827766
0096-BXERS,0.10407738584229165,0.18637620115295273
6288-LBEAR,0.09540335617294582,0.1863101221818032
9793-WECQC,0.09536685364277209,0.18624260412221183
9274-UARKJ,0.09550022789030899,0.18614391664590935
1785-BPHTP,0.09137169134359291,0.18610721532545327
4945-RVMTE,0.09112699893374199,0.1856360983564206
1453-RZFON,0.10846655666603078,0.18552395440402758
9537-VHDTA,0.10846296079677042,0.18551808281288407
7396-VJUZB,0.10375239621157928,0.1853668757797431
5193-QLVZB,0.09524629416552122,0.1853437637139973
5515-RUGKN,0.1021845593494134,0.1852434609524729
7134-MJPDY,0.18511490361506555,0.18511490361506555
0003-MKNFE,0.10607875345323503,0.18499069474991836
3258-SANFR,0.10314016832400352,0.18477811883628636
7356-IWLFW,0.07945047385787607,0.18448764216766977
1095-WGNGG,0.06097913165100133,0.184385263726647
8069-YQQAJ,0.09730067516806362,0.1843517508913639
7883-ROJOC,0.10061035410688568,0.18415307157342686
8421-WZOOW,0.05039663874996714,0.1838800629408357
9631-XEYKE,0.1025254084237247,0.18352669634481855
1442-BQPVU,0.09758907201406897,0.1833680571163746
1699-UOTXU,0.048199351506285515,0.18331387980220248
8348-JLBUG,0.12212682346648429,0.18322063730262117
1142-IHLOO,0.0943001199360527,0.18318630070326447
2371-KFUOG,0.03778050779703923,0.18315178768140217
3665-JATSN,0.09998806038098529,0.18306925861208145
2959-FENLU,0.10484579542644057,0.1829389714881432
3446-QDSZF,0.10224932522550179,0.18280796834528268
2969-QWUBZ,0.10439530868888469,0.18277921399742503
7392-YYPYJ,0.08923998735062733,0.18273730640429553
1543-LLLFT,0.060353991867718726,0.182625027633734
4647-XXZAM,0.10183595274467583,0.18255181779744634
7521-AFHAB,0.09796893434718335,0.18252744207230187
0104-PPXDV,0.03761385395359507,0.18240835992970894
9518-XXBXE,0.10155841901888685,0.18226028323525356
4188-FRABG,0.04989372165093375,0.1821803572121049
6259-WJQLC,0.07769605511263677,0.18203717215503135
5950-AAAGJ,0.09407759523890158,0.1818828403104138
6537-QLGEX,0.09956160851057161,0.1817601558464237
0799-DDIHE,0.09309979113883693,0.18170553091611474
8016-NCFVO,0.06989506863940309,0.18135509389238758
1230-QAJDW,0.10121668180912835,0.18129352832052936
8224-UAXBZ,0.03728758440133906,0.18095131484914928
6458-CYIDZ,0.09706672492630453,0.18092848103538794
3016-KSVCP,0.08587953092391165,0.18090150348983758
5356-CSVSQ,0.10094155399985572,0.18082369731022474
2324-EFHVG,0.12031222058213253,0.18059583949375424
5628-RKIFK,0.08538712773081159,0.18058704058762265
6705-LNMDD,0.09707550428972767,0.18057675857586908
6267-DCFFZ,0.07758772510807332,0.1805657274679755
6388-TABGU,0.07518931738330203,0.18038443464740994
3137-LUPIX,0.1006401784916292,0.18006432995586152
8259-DZLIZ,0.11991120721809934,0.1800153743829772
3209-ZPKFI,0.08160266658963289,0.1799551356903738
6215-NQCPY,0.09208276793166115,0.17982133163882152
4581-LNWUM,0.09558570132025979,0.1797878183890398
6869-FGJJC,0.17938773179343015,0.17938773179343015
4057-FKCZK,0.03691776118622547,0.1792972278388565
1078-TDCRN,0.09992253292229147,0.17908243729274376
5447-WZAFP,0.09601048677710977,0.17887675858769925
8992-OBVDG,0.09143343320520869,0.17880529690432256
4137-BTIKL,0.10196259826579135,0.17871084495011458
1754-GKYPY,0.08714943413797893,0.17868215982218838
8100-HZZLJ,0.0785468304336665,0.1785834978265718
4741-WWJQZ,0.10188485188515073,0.17858067380709508
9029-FEGVJ,0.07600650100065331,0.1783094700775808
5498-IBWPI,0.17829480781493534,0.17829480781493534
3211-AAPKX,0.09564659355544969,0.17804580988848862
7315-WYOAW,0.09459968657966733,0.17802286833276704
3629-ZNKXA,0.0901140713165881,0.17789579361654806
7277-OZCGZ,0.08673054411531578,0.17786832292210697
7501-VTYLJ,0.10131510146414457,0.17762645225303686
3577-AMVUX,0.10362361975472745,0.17759917046544027
5135-RDDQL,0.09097517270099453,0.17744811114064352
6551-GNYDG,0.09319149397636128,0.17694405451062156
6242-MBHPK,0.09025187250422895,0.17675305923429452
1379-FRVEB,0.09037679286819189,0.1766557487761392
0786-IVLAW,0.1766518956422679,0.1766518956422679
9076-AXYIK,0.11748631113074326,0.17650222770394397
7041-TXQJH,0.09607081419831276,0.1764487628622854
1216-JWVUX,0.0883729754552367,0.17640378361964526
7351-KYHQH,0.09871764659893245,0.17623917245774767
8984-EYLLL,0.11729026282748367,0.17621796254327793
2347-WKKAE,0.07292268656428402,0.17605492908339682
6281-FKEWS,0.07717531035288383,0.17600052814196943
4482-FTFFX,0.0942340491041016,0.17589829071670282
3522-CDKHF,0.0748544951135024,0.1757619643212136
0750-EBAIU,0.1026728385343435,0.17544635425141641
7048-GXDAY,0.08290675439880879,0.17536043485902741
3916-NRPAP,0.09754730086590413,0.17501704649246452
4522-AKYLR,0.09283790230539246,0.17486464651562417
7009-LGECI,0.09757014397162556,0.17481796103518732
2041-JIJCI,0.09358086984810732,0.17473625836758522
6583-KQJLK,0.08928559639731226,0.1746276617550746
6198-RTPMF,0.08836258179339118,0.17460980058910514
7669-LCRSD,0.09718226960640974,0.17448932720568344
8241-JUIQO,0.057384256718661875,0.17422711810806302
5939-XAIXZ,0.09472724734936877,0.17387926841061896
7020-OZKXZ,0.09938013962797587,0.17381570621822773
8734-DKSTZ,0.09654999204874903,0.17367454742951838
8597-CWYHH,0.0761707739694395,0.17348054350106257
8920-NAVAY,0.07212795032107533,0.17346227733023067
9052-VKDUW,0.13747217011374668,0.17303296762938103
2525-GVKQU,0.04523046780880147,0.17282079903964553
3411-WLRSQ,0.0961735659245272,0.1726615185932946
5777-KJIRB,0.0806890503964437,0.17256224477415838
4742-DRORA,0.04514444486517322,0.1725152521065474
4680-KUTAJ,0.09868730537367809,0.17222264979297408
3160-TYXLT,0.09204891933594117,0.17183612233175316
7401-RUBNK,0.08860964465569143,0.17181838341852262
3301-LSLWQ,0.08132530445551567,0.17180488662504756
7402-PWYJJ,0.09197286788991321,0.17170067416780588
2307-FYNNL,0.13618794972558979,0.1714508241181011
3729-OWRVL,0.13618350711235372,0.1714453497110302
1028-FFNJK,0.0733437054290762,0.17123795685828247
4011-ARPHK,0.0886367399962914,0.17111887878549492
0655-YDGFJ,0.08095552239357828,0.1710638574673271
1061-PNTHC,0.05374399038749966,0.1710396855965045
2181-UAESM,0.09734084020341816,0.170956355322751
4813-HQMGZ,0.09389607242294773,0.17088838904273307
4423-JWZJN,0.11358151861951726,0.17083379228347884
4059-IIEBK,0.09522986238714481,0.17028297192892738
1303-SRDOK,0.06535107403312279,0.17026230645192197
7853-OETYL,0.09491103947522184,0.1702612368168439
2519-ERQOJ,0.0769433891917547,0.1702526252417923
5414-OFQCB,0.04635101060568647,0.1701321917126667
3621-CHYVB,0.04633204183084172,0.17006732811759362
2107-FBPTK,0.07279796649019865,0.17003394168977637
5461-QKNTN,0.07456115195583579,0.17001313360212256
7909-FIOIY,0.09250246575998089,0.16997803632685082
0899-LIIBW,0.08066395039211471,0.169924117824773
0356-ERHVT,0.09729293954548146,0.16989161448901635
9402-CXWPL,0.16986417186092573,0.16986417186092573
0212-ISBBF,0.08252637057708401,0.1696763121679269
4450-YOOHP,0.07998639114073858,0.16949884636345913
1247-QBVSH,0.07409012441169638,0.16899685301476386
2669-OIDSD,0.08290677522762857,0.16898871974850516
7892-QVYKW,0.08600096212733266,0.16882356982685942
3898-GUYTS,0.07798511117790163,0.16879482892898778
8623-ULFNQ,0.0854397263514074,0.1687660499487108
0749-IRGQE,0.08942604378193864,0.16873147708509584
7634-WSWDB,0.0925860131511762,0.16860858873690665
2027-CWDNU,0.08653621569663039,0.16798563193087768
3658-QQJYD,0.06962432541359376,0.16777495953020172
5349-AZPEW,0.08952375773404375,0.16750058284132574
4049-ZPALD,0.11118505184543837,0.16734807690969455
5174-ITUMV,0.16729812272894728,0.16729812272894728
5839-SUYVZ,0.09126634557391455,0.1672810084041909
8212-CRQXP,0.08127583212749323,0.16723117014310918
5734-EJKXG,0.054853904454688185,0.1670248047438082
0326-VDYXE,0.16688722940440015,0.16688722940440015
2623-DRYAM,0.1668703764044247,0.1668703764044247
9904-EHEVJ,0.07079456805327022,0.16674638985315038
2874-YXVVA,0.07907330628009346,0.16674045607675902
9168-INPSZ,0.07285671670503169,0.16667545429407538
3005-TYFRD,0.06385943403426453,0.16660013448944755
2049-BAFNW,0.0969006268738497,0.1665419469964462
2826-UWHIS,0.0768858060288744,0.16653652527170748
7581-EBBOU,0.04346198171362614,0.16652209759519854
4129-LYCOI,0.16649137857733276,0.16649137857733276
9026-LHEVG,0.09499485607893465,0.1664627190595992
1685-VAYJF,0.0952375520291785,0.16645013302233125
9522-BNTHX,0.07888070286756754,0.16635450818162845
4759-PXTAN,0.03564519584286174,0.16624793719919817
6131-FOYAS,0.07974705540448523,0.16616566336463368
0708-SJDIS,0.07870358261859767,0.1659994996751486
9398-MMQTO,0.09229666053031205,0.16599693788472425
8885-QSQBX,0.09652769582302223,0.16592668811335298
1518-OMDIK,0.07486898666111064,0.16589941742151793
4673-KKSLS,0.06800122835173839,0.1657678622271641
5268-DSMNQ,0.06872021057435718,0.1657153212438418
9741-YLNTD,0.09184605931047118,0.16540500632369948
3604-WLABM,0.09168541132170593,0.16529525848241966
2697-NQBPF,0.07830691998126815,0.16520415374204367
6133-OZILE,0.08501548807607195,0.16516884060802983
1685-BQULA,0.07692349215772365,0.1649117751384801
9289-LBQVU,0.10947475411450536,0.16485722454257212
9055-MOJJJ,0.10943648614262047,0.16480146130715423
5897-ZYEKH,0.16459427626805423,0.16459427626805423
2203-GHNWN,0.08532551691846657,0.16456414770555572
3865-ZYKAD,0.16448695012308912,0.16448695012308912
7746-AWNQW,0.08013130529369206,0.16431506524595985
5756-OZRIO,0.05388861050810656,0.16426581848329846
8622-ZLFKO,0.09106310343198987,0.16405410324283687
7740-KKCXF,0.08396358868478015,0.1640287877328489
7964-VEXDG,0.08349724379493939,0.16400085057065483
9102-OXKFY,0.035110569382732604,0.16392993309045034
1832-PEUTS,0.06787803136177428,0.16379399587638466
6250-CGGUN,0.0706107945835206,0.1637446961789102
3256-EZDBI,0.08370582507773083,0.16354815629627106
8543-MSDMF,0.09087282754343917,0.16354304080186277
8552-OBVRU,0.08006595325372867,0.1634731604117996
6008-NAIXK,0.07048288282332782,0.16346361039435342
6646-JPPHA,0.08574384593592976,0.16343310085372853
2139-FQHLM,0.08867182826492137,0.16324025385853025
5146-CBVOE,0.0888900650316573,0.16311095065275116
1394-SUIUH,0.07116562771919288,0.16300717279121602
6844-DZKRF,0.09253174000623632,0.16285244979862
8388-FYNPZ,0.09058978002141349,0.16283127218639393
6447-GORXK,0.06671562781679785,0.1628030847186459
6625-UTXEW,0.09022804971560705,0.1625225506753094
7905-TVXTA,0.08662249447012238,0.1623073948302185
1599-MMYRQ,0.06721826317153379,0.1622869435881814
8592-PLTMQ,0.10760495102597656,0.16213103803227147
0111-KLBQG,0.06866113081567393,0.16198532182735614
5778-BVOFB,0.09231667539276012,0.16195762899033372
0410-IPFTY,0.06634865524132882,0.16195561370282652
9610-WCESF,0.16191363109622714,0.16191363109622714
5977-CKHON,0.0707709460641508,0.1618148456563252
8769-KKTPH,0.08257031011897387,0.16179695031383912
4860-IJUDE,0.0855181271810137,0.1616790775219883
1972-XMUWV,0.12826187527877408,0.16167120254969924
0980-PVMRC,0.07523988169310591,0.16147852492193893
6897-UUBNU,0.07616449681520632,0.1614298543765178
7994-UYIVZ,0.08837382772105451,0.16125833242056442
4993-JCRGJ,0.08145763081146495,0.1612579703125917
7789-CRUVC,0.052811336602338166,0.1611793212289715
5201-FRKKS,0.08036659776179766,0.1611585065259249
3620-MWJNE,0.09143130361566609,0.1609930557311655
2916-BQZLN,0.08727888174923859,0.16078370468442882
3113-IWHLC,0.085742272755155,0.16072870169094455
2483-XSSMZ,0.07559765511983085,0.1606469711283648
5827-MWCZK,0.05021832278388205,0.1605048721773652
0666-UXTJO,0.07591430129445476,0.16039790892911177
2272-JKMSI,0.06631144201455741,0.16021288054419436
6661-EIPZC,0.07835415125801992,0.16014025255939546
5133-VRSAB,0.08771199531994611,0.1601006494455266
4832-VRBMR,0.12694022592501752,0.1600380095587488
7682-AZNDK,0.07573041159421845,0.16002788870967322
6968-URWQU,0.06992849175668092,0.15998620387664864
1530-ZTDOZ,0.07513661106678948,0.15995279940523088
6954-OOYZZ,0.08217296009641695,0.1598907591676304
5156-UMKOW,0.0886789801527158,0.15975548400708373
6429-SHBCB,0.08668874141472849,0.15974191469789667
7379-FNIUJ,0.09048237869819131,0.15938816584743187
3351-NGXYI,0.08673600651365443,0.15932227463379411
1208-NBVFH,0.08506754094898505,0.1591894485881289
4521-YEEHE,0.08175428088629688,0.15911191711810158
6563-VNPMN,0.0731774023899876,0.1588929886207292
9581-GVBXT,0.03394780086591287,0.15887065474045925
6833-JMZYP,0.08081053882510103,0.15878890065818174
1803-BGNBD,0.08802113323237415,0.1587081008637783
3062-ICYZQ,0.08109476005578908,0.15867155950643796
5568-DMXZS,0.08677772628887248,0.15846513007196494
2293-IJWPS,0.042878864795376614,0.15819609525494238
0422-UXFAP,0.0808107265189727,0.15814020700992348
6713-OKOMC,0.08743162841541474,0.15793567597806513
6859-RKMZJ,0.09015882660229957,0.15791898036921492
3255-GRXMG,0.08090477508804483,0.15753050974894411
5122-CYFXA,0.08736748795240279,0.15748745281845522
9906-NHHVC,0.12476682881662715,0.15735076155166783
6094-ZIVKX,0.15724644187239667,0.15724644187239667
8627-ZYGSZ,0.0706556652135154,0.15699297854934913
8654-DHAOW,0.0889958295504617,0.15687120991217773
4468-YDOVK,0.0835637892842136,0.15681531102740554
1907-YLNYW,0.085813825960663,0.15677615848049242
3128-YOVTD,0.08007787226155716,0.15676843725529643
1960-UYCNN,0.08673921734705925,0.15673485778376273
4853-OITSN,0.0833864232159015,0.15649630221956445
7159-NOKYQ,0.1564277049107431,0.1564277049107431
8190-ZTQFB,0.0713916501205466,0.15631950544015305
8679-LZBMD,0.06802714206744576,0.1561742243098302
2616-FLVQC,0.10349741938043389,0.15613111740851215
1099-BTKWT,0.15595211009445098,0.15595211009445098
0716-BQNDX,0.04221586749418038,0.15590245598165098
2675-OTVVJ,0.06371792240788732,0.15586495060130157
0330-BGYZE,0.04046760994983101,0.1557746395723133
0811-GSDTP,0.08219295253227188,0.15565518820622382
8757-TFHHJ,0.09023172431856874,0.15550946645120667
4316-XCSLJ,0.07823468449251991,0.155475551289755
5527-ACHSO,0.0886109076866094,0.15531103803396717
9500-LTVBP,0.07425369176623009,0.15524334585524613
4226-KKDON,0.08480742365458294,0.1550110015705658
9699-UBQFS,0.06758563119523064,0.1548885172789819
6734-FQAJX,0.1547768597108271,0.1547768597108271
5546-BYZSM,0.07064668048460188,0.15476540484965162
7691-XVTZH,0.15474806950991105,0.15474806950991105
6723-CEGQI,0.12249365870579199,0.15453811821162444
1355-KUSBG,0.08601724653472198,0.15445461156235185
4824-GUCBY,0.07474846596122287,0.1544057262609747
2587-EKXTS,0.06712471454543467,0.15420348652012827
1474-JUWSM,0.03136369093259361,0.15412877188492247
0946-FKYTX,0.08955012114384941,0.15385125012864587
3014-WJKSM,0.07239541426049312,0.15380776569056054
2081-VEYEH,0.08515760030679864,0.15365932887718725
2985-JUUBZ,0.07139995472691618,0.1536187672683209
9681-KYGYB,0.07201056859780919,0.153603700403404
3417-TSCIC,0.07222691973035111,0.1534661389284867
0734-OXWBT,0.0850425414620386,0.15345979407102683
7596-ZYWBB,0.12160155106468828,0.15343372662622523
3069-SSVSN,0.08890242467894172,0.15330274687647594
1135-HIORI,0.10155618725543303,0.1532902302367064
3688-FTHLT,0.08319868450547885,0.15308292536234946
3644-QXEHN,0.08058743957459658,0.15273902657779848
3088-LHEFH,0.08705164044299574,0.15268030528025578
6344-SFJVH,0.08144046287429663,0.15267649166644248
0997-YTLNY,0.08268123469102928,0.15265098512874142
5183-SNMJQ,0.084240597571695,0.15239495609435683
9643-AVVWI,0.08438189517188843,0.15231367796322126
3249-VHRIP,0.06287006332878886,0.15231348011792634
1004-NOZNR,0.047491165756843756,0.15229151378297823
5804-HYIEZ,0.1522184116967643,0.1522184116967643
3569-EDBPQ,0.0786369341784321,0.15220230709211902
4942-VZZOM,0.10074973204699389,0.15210902688261874
7929-DMBCV,0.08102288224436183,0.15192509188870318
8433-WPJTV,0.12029138187982136,0.15181121364487016
8091-TTVAX,0.03084348822318317,0.15173981473643128
0096-FCPUF,0.0645390568628823,0.15168602233816686
6645-MXQJT,0.08581119482760902,0.15146764424044978
3001-UNBTL,0.07121484338564488,0.15141253335796245
0064-YIJGF,0.07797972114312235,0.15140251851039077
5522-NYKPB,0.07524718157782173,0.15133370132522295
7714-YXSMB,0.07621926064635876,0.151328086378811
9389-ACWBI,0.0802723466192512,0.1508857550679058
2960-NKRSO,0.07784999229384704,0.15074186415700197
1036-GUDCL,0.039069142577522586,0.15071949278127617
0118-JPNOY,0.07580918460683206,0.15054819447072565
4115-UMJFQ,0.15040686651882318,0.15040686651882318
3524-WQDSG,0.06551476396408584,0.15036763616632598
1746-TGTWV,0.08709210182463623,0.1502934199133531
7776-QGYJC,0.07048737515858028,0.1502745595015036
7182-OVLBJ,0.061949538973958496,0.15019287796234193
2054-PJOCK,0.03886294325873718,0.14997219689279262
5207-PLSTK,0.08680109542214842,0.1498092368385744
8791-GFXLZ,0.08282981343344553,0.1497034903039941
0428-IKYCP,0.07234630259382835,0.14965928642428172
3716-LRGXK,0.03870799947866388,0.14941033136551551
5600-PDUJF,0.08258307311296698,0.14935738897493045
0541-FITGH,0.08446099832377452,0.14917195521610715
5966-EMAZU,0.0986393486117303,0.14901520228001752
4795-WRNVT,0.06900063678692958,0.14868702236654086
8644-XYTSV,0.06097866757858117,0.14863296979270368
5294-DMSFH,0.06974415843023618,0.14842348559953855
9644-UMGQA,0.08201891621398927,0.14837540626011392
9738-QLWTP,0.069509021104328,0.1482807698840155
0114-PEGZZ,0.06647477801300883,0.1481509116139752
0549-CYCQN,0.07548554459096479,0.14814647608783427
7025-IWFHT,0.06745006751118754,0.1480785408345614
5151-HQRDG,0.07998377548866009,0.14804792755762852
4760-THGOT,0.06441642288427785,0.1479641431223111
6465-GSRCL,0.14791187349319435,0.14791187349319435
1370-GGAWX,0.0628364959783233,0.1477491391555935
7129-CAKJW,0.07415723094088933,0.14770803763986218
6538-POCHL,0.06622682050758377,0.147623390038093
2792-LSHWX,0.08548728426974661,0.14762177556753708
8217-QYOHV,0.07845776346665567,0.14760809360326743
2190-BCXEC,0.06844528629844038,0.14754324149247533
0872-CASZJ,0.03134617327160427,0.14746203875627617
6416-YJTTB,0.08395707710517719,0.14744837625757157
2607-FBDFF,0.08518006921208854,0.14710991335079282
7742-MYPGI,0.08127814353670315,0.14708519889570193
9919-YLNNG,0.06006514520365591,0.14651309969290305
7502-BNYGS,0.06224013820309637,0.14641250697367447
5366-OBVMR,0.07495272624604521,0.14640807800310862
2439-LYPMQ,0.07471947942482371,0.14639843668102392
9862-KJTYK,0.07912899078633628,0.14634174347213313
6815-ABQFQ,0.045505500703111434,0.14627574994231163
8671-KKKOS,0.06216572759588812,0.1462456412193457
7520-HQWJU,0.14616915682020792,0.14616915682020792
7246-ZGQDF,0.08443443551719643,0.14586702292306175
9780-FKVVF,0.0805699295833866,0.14585084608033494
9361-YNQWJ,0.09632976602011745,0.1456247513254183
4130-MZLCC,0.07733113761962807,0.14556997860181276
6128-AQBMT,0.06622405052111413,0.14550599507540285
0230-UBYPQ,0.0738591318263806,0.14541603475579634
6481-ESCNL,0.06821847087285227,0.14531653928076949
5671-UUNXD,0.07403054717492963,0.1453095835596787
9054-FOWNV,0.07003082675132166,0.14507063156232758
9099-FTUHS,0.07331273351187473,0.14492314592204703
6872-HXFNF,0.09577505353127491,0.14480972190347596
7036-TYDEC,0.14469541698724175,0.14469541698724175
3566-VVORZ,0.07988191278452006,0.1445702876460856
4851-BQDNX,0.06694433189251159,0.14444765518631053
2851-MMUTZ,0.07421792368104019,0.1443869358467531
0699-NDKJM,0.038906337458534446,0.14438338646074367
3642-GKTCT,0.04696894832785814,0.14430291394599626
7813-ZGGAW,0.05875489535291567,0.14430104595348736
9419-IPPBE,0.07341166745313366,0.1442381550152264
4123-DVHPH,0.08183995633605978,0.14422893699516226
1482-OXZSY,0.06115113664327376,0.14409038206573577
8158-WPEZG,0.08197145990723709,0.14408368882191092
6088-BXMRG,0.06056343064880754,0.14376641155000902
4566-NECEV,0.07632664030115677,0.14375079477481534
7073-QETQY,0.14370308723562186,0.14370308723562186
4683-WYDOU,0.05911262109699189,0.14363725730020294
4611-ANLQC,0.03711601192356295,0.14362110173898224
4583-PARNH,0.07773351931164363,0.14339985174996261
3507-GASNP,0.037041470080801164,0.14334930380119626
1641-RQDAY,0.060371722734047784,0.14333225139983108
2229-VWQJH,0.07385945724507592,0.1433165457776725
4987-GQWPO,0.07185774733222094,0.14331129707747048
8930-XOTDP,0.07328476285453833,0.14327791036728177
4257-GAESD,0.0789366771110841,0.14300105599305668
4501-VCPFK,0.07170331360115434,0.14271914249387752
6637-KYRCV,0.07565366658432249,0.14253095603774657
5956-YHHRX,0.0721036927841956,0.14250948657831985
2770-NSVDG,0.07341679213848873,0.1424908571276482
6416-JNVRK,0.06036584919400412,0.14220351003369158
0909-SDHNU,0.07893849161218625,0.14219826079801
2305-MRGLV,0.0688397227122387,0.1421133885206427
4468-KAZHE,0.07557200873223346,0.1420869585572434
8645-KWHJO,0.07406683500959443,0.14202918942363674
3733-ZEECP,0.06843990590860483,0.14191016728588857
9018-PCIOK,0.05388251088697482,0.14184017607658994
9093-FPDLG,0.08064874297707414,0.14183899441773862
5131-PONJI,0.06619516203536913,0.14172217685429944
3167-SNQPL,0.07216665835192149,0.14159124642999998
5172-MIGPM,0.07828679467501698,0.14150872699993267
8905-IAZPF,0.14143142955976007,0.14143142955976007
9800-ONTFE,0.06814455585154089,0.14132274685102764
2739-CACDQ,0.07066054434677149,0.14101753996753086
7157-SMCFK,0.04567075339634752,0.14052131530168832
4811-JBUVU,0.05956233258417287,0.1405144487080202
3427-GGZZI,0.0757210564339732,0.14026774614116733
9702-AIUJO,0.0713434106352826,0.14023855646148198
7167-PCEYD,0.14014350887761717,0.14014350887761717
1304-BCCFO,0.07936847893066501,0.14002227449693216
2674-MLXMN,0.1400084757232558,0.1400084757232558
5816-QVHRX,0.07541546345940131,0.13989862969415068
8668-KNZTI,0.0811122811447198,0.1398365733300172
6139-ZZRBQ,0.0923436674382081,0.13976189371926495
8313-NDOIA,0.07191643515532131,0.13968930866736262
9174-IHETN,0.07102931007692048,0.13964480289594972
1575-KRZZE,0.07719801014581007,0.13960970818181373
0365-GXEZS,0.0711859682163063,0.13933096008052226
2692-BUCFV,0.06525222472066683,0.13925818792350797
0187-WZNAB,0.07140556005171617,0.1391229308210754
6549-NNDYT,0.07298782813920468,0.1388682619068311
0788-DXBFY,0.028056389947137217,0.1388472395589424
5626-MGTUK,0.07372638838833345,0.1387433202397037
5256-SKJGO,0.09155523245354402,0.1386005509726973
4176-FXYBO,0.05926246263150636,0.13858931908418592
4560-WQAQW,0.029302053298778552,0.13841159719646945
5533-NHFRF,0.0766925359563917,0.13829245730470197
2200-DSAAL,0.13820539942393462,0.13820539942393462
4139-JPIAM,0.07019956351633194,0.1381667621358842
1074-WVEVG,0.029217075261014247,0.13803369478120886
7483-IQWIB,0.07435967827490197,0.1380099469214272
4429-WYGFR,0.06915584328048219,0.13784297701083303
9000-PLFUZ,0.03543818705278967,0.13748753508059253
5136-RGMZO,0.0558122351485878,0.13739913627958777
7975-TZMLR,0.06133924460477369,0.137165419121959
5886-VLQVU,0.0652215393346941,0.13711713498079126
9342-VNIMQ,0.0612632165996122,0.13702423083270487
0829-XXPLX,0.0727493532712069,0.13697069854633037
0916-KNFAJ,0.044400815390678305,0.13681086493261385
1371-WEPDS,0.0631875217550274,0.1366722112655704
2694-CIUMO,0.07528521230104956,0.13653724437538806
6907-CQGPN,0.06385764817528317,0.1364017262664433
1732-FEKLD,0.05828468297513145,0.13640129443858517
4929-XIHVW,0.07693302612834985,0.13632085824045637
4369-NYSCF,0.042218789327080564,0.13625225148176756
0853-NWIFK,0.062221624044878854,0.1360827288897536
9079-LWTFD,0.0607097629849459,0.1358162351831268
9309-BZGNT,0.13562767160906253,0.13562767160906253
4070-OKWVH,0.07855908119993438,0.1355760013220959
9931-KGHOA,0.05737593014607867,0.1354637227750789
1707-HABPF,0.057225509621159576,0.13512382113895227
5402-HTOTQ,0.07300704302843486,0.1349832224799985
9885-AIBVB,0.06311029653517986,0.13486880996444528
6821-JPCDC,0.06540654339438412,0.13470233913118101
5998-DZLYR,0.04367273628046431,0.13467860824269107
0191-ZHSKZ,0.05695820366648496,0.13463413773343136
0581-MDMPW,0.06911414041518216,0.13444437725803138
4328-VUFWD,0.06273132463445441,0.1343977299557949
5982-FPVQN,0.07231246795367707,0.13434205199468707
0603-OLQDC,0.07400894607164643,0.13430066715520939
7389-KBFIT,0.07569615998062307,0.13420102937654066
6898-MDLZW,0.0738330913192532,0.13399228091506343
3845-FXCYS,0.07556632704780453,0.1339783757512909
2996-XAUVF,0.1339661644090765,0.1339661644090765
4726-DLWQN,0.06802437628639724,0.1339539175667822
2402-TAIRZ,0.07205930519185355,0.13388795257325015
3186-AJIEK,0.1338656616987537,0.1338656616987537
3771-PZOBW,0.07103886591927655,0.13386310858468264
7055-HNEOJ,0.07379553523811622,0.1338494062085146
4419-UJMUS,0.1338063264389292,0.1338063264389292
9359-UGBTK,0.13374051391103048,0.13374051391103048
4338-EYCER,0.0674652898838114,0.1336799777726535
9839-ETQOE,0.057894792040268594,0.13361112139332154
6734-GMPVK,0.07067003747517997,0.13347118686469084
4821-SJHJV,0.05600065202151139,0.13339739696815367
4908-XAXAY,0.062115450851666476,0.13333228653150675
3199-NPKCN,0.13333018308044453,0.13333018308044453
3780-YVMFA,0.0724299168677136,0.13315877787541475
7658-UYUQS,0.06707392298066062,0.1329328609080329
7622-NXQZR,0.06420757182254466,0.132915500805599
9529-OFXHY,0.06712507466879014,0.1328866100203342
1089-HDMKP,0.07529928744132974,0.13273379906195693
5155-AZQPB,0.064105032073417,0.13271129804527237
5071-FBJFS,0.07318821148858623,0.1325991144523837
6248-BSHKG,0.04292712650297281,0.1324912402761056
4636-JGAAI,0.06215492756458585,0.13246429196776444
7940-UQQUG,0.08724592079379823,0.13224319560370978
5468-BPMMO,0.0559187272399686,0.13216757564678838
4753-PADAS,0.1318290822236915,0.1318290822236915
7075-BNDVQ,0.07266667124091919,0.1316853245128039
2908-ZTPNF,0.06854463868594252,0.1314426108355119
0674-DGMAQ,0.05509925737490973,0.1313401315126529
3195-TQDZX,0.0723351577502005,0.13128771492766245
2792-VPPET,0.07233468718181257,0.13128688892098794
8205-MQUGY,0.07228515367105393,0.13127554079377435
9278-VZKCD,0.07587115883692985,0.1310806457913657
8034-RYTVV,0.04955373766026394,0.13095316239069454
9233-PSYHO,0.05973531005193411,0.13085845529724405
2075-RMJIK,0.0692360544178523,0.1308557250617024
0481-SUMCB,0.05973218002807934,0.1308518673183643
3629-WEAAM,0.07111871444883233,0.13082839572514604
7114-AEOZE,0.03360432678674308,0.1307456270341273
5125-CNDSP,0.06610808935259038,0.13070417741387297
5353-WILCI,0.06302081294117556,0.1305505568178872
2550-AEVRU,0.03494594595924283,0.13044538146889129
0080-OROZO,0.061896100143449706,0.13039083922795203
1357-BIJKI,0.06599216238113048,0.13009436514112072
6922-NCEDI,0.040212239928598015,0.1300922174781367
6624-JDRDS,0.07151683147390964,0.12999868230008615
9408-HRXRK,0.0592993374445131,0.1299405637054566
8404-GFGCZ,0.07166550506888647,0.12992992705872164
7803-XOCCZ,0.07504708432385432,0.1297003936646235
8152-UOBNY,0.06565261868248895,0.12944865483001144
9087-EYCPR,0.03316922394434174,0.12914020669970028
1097-FSPVW,0.05251035342157029,0.12885860486935075
0537-QYZZN,0.06604386734581202,0.12867943814005756
4608-LCIMN,0.06990223594423983,0.12866371416428346
9938-TKDGL,0.12864057104494275,0.12864057104494275
6322-PJJDJ,0.05983896075687545,0.12863111934104798
6227-FBDXH,0.12860616888324616,0.12860616888324616
3221-CJMSG,0.06599621195279892,0.12858980535283115
8224-IVVPA,0.06573128522779181,0.1284524974631187
9711-FJTBX,0.0396736811149202,0.12843360040029506
1955-IBMMB,0.02706821568561224,0.12843340463057795
7422-WNBTY,0.057237063676646605,0.12837190082215644
7126-RBHSD,0.06398196863681294,0.12816356030852927
7544-ZVIKX,0.025739660516516993,0.12801016448640246
1629-DQQVB,0.06643837359468752,0.12790093821687454
6174-NRBTZ,0.05397954582625686,0.127769647254955
0139-IVFJG,0.07189242457251754,0.1276671458973353
6599-GZWCM,0.06686538057530389,0.12761283662151202
0869-PAPRP,0.06383245182981545,0.12760721285855703
4396-KLSEH,0.07027192426773476,0.12748374004455765
3345-JHUEO,0.07027128354369139,0.12748261463014687
2988-PLAHS,0.07009486129947229,0.1273510859327921
4654-DLAMQ,0.08381997680190956,0.12717715996921597
6103-LIANB,0.026751756119260284,0.12701238324684805
4439-YRNVD,0.06969789218844757,0.12692875775080237
9921-QFQUL,0.06384966662578595,0.12687119834394212
3224-DFQNQ,0.12686718525531804,0.12686718525531804
7298-IZWLY,0.07300138196895212,0.12670961633707
8566-YPRGL,0.07300119207670397,0.1267092965967469
1622-HSHSF,0.07300109713075775,0.12670913672686535
0670-KDOMA,0.07299976789995932,0.1267068985681319
4634-JLRJT,0.07299957801174228,0.12670657883415803
5002-GCQFH,0.05883018787750749,0.12654341960259152
5075-JSDKI,0.02664114920502758,0.12651527989339684
3316-UWXUY,0.06407803560222036,0.12645107493581276
9074-KGVOX,0.06396416159456497,0.1262340858289721
9084-OAYKL,0.025361514370285998,0.1262308578497019
6353-BRMMA,0.05367319316279773,0.12603772420473158
1550-EENBN,0.05095219388409866,0.12592574546908564
4702-HDRKD,0.1257966685074865,0.1257966685074865
7707-PYBBH,0.057933565844454527,0.1257325123792835
5386-THSLQ,0.12567293728960838,0.12567293728960838
1730-VFMWO,0.05871218039476245,0.12539651386592787
7993-NQLJE,0.06311680563853628,0.1252239488858612
5067-XJQFU,0.12506216112470847,0.12506216112470847
7501-IWUNG,0.04038656127131679,0.12500937654656952
9853-JFZDU,0.05923845548546558,0.12499489456468249
5440-VHLUL,0.12494258457980789,0.12494258457980789
2782-JEEBU,0.06288367692248553,0.12491299098370867
7811-JIVPF,0.06278014336478943,0.12481876664125868
4636-OLWOE,0.053120175343433274,0.12479000263347362
1347-KTTTA,0.08210218003136349,0.1246330535478074
6741-EGCBI,0.05253813412439101,0.124598692001604
1150-FTQGN,0.03192011480511314,0.12451884999034146
4801-JZAZL,0.07046673003109749,0.1244712218801185
0668-OGMHD,0.06262690923852776,0.12442032129388358
3214-IYUUQ,0.04018014392888947,0.12439953343475652
2959-EEXWB,0.05665878082246023,0.12436955185213316
4307-KWMXE,0.06810382995008624,0.12411590863245092
6901-GOGZG,0.03179254670839582,0.12404584219114667
2801-NISEI,0.06352716830482563,0.12393954031498622
5906-BFOZT,0.07133358451576177,0.12389939259715776
2465-BLLEU,0.07133312020944305,0.12389860969143385
2369-FEVNO,0.07133284162704612,0.12389813995020249
4661-NJEUX,0.07133256304569469,0.12389767021062326
2081-KJSQF,0.07133219160551951,0.12389704389375455
5996-DAOQL,0.07133182016720319,0.12389641757982317
8262-COGGB,0.07133182016720319,0.12389641757982317
0254-WWRKD,0.12381133762181895,0.12381133762181895
2750-BJLSB,0.055130229165138545,0.12380483022303934
2858-EIMXH,0.06534849695173905,0.1236187009530405
8992-CEUEN,0.07113644876757419,0.12356695780832883
1156-ZFYDO,0.07113478171862153,0.12356414638639901
8620-RJPZN,0.07113302209657779,0.12356117883875817
8406-LNMHF,0.02595849245001225,0.12344218237753302
1855-AGAWH,0.049879125184275064,0.12337998636405201
1346-UFHAX,0.0645523983056645,0.12334192585137549
8201-AAXCB,0.060794417458224115,0.12327378281237422
5656-JAMLX,0.05037834094511939,0.12326147066679594
0468-YRPXN,0.057456790545499126,0.12322426472332848
8050-XGRVL,0.050314318565415905,0.12311104120075289
6333-YDVLT,0.09719748931759842,0.12309944740826917
5760-IFJOZ,0.06767459107763552,0.12308887938443969
6196-HBOBZ,0.09716701173589437,0.12306141626255163
1400-WIVLL,0.03286377398317519,0.12304996322551243
7054-ENNGU,0.0693365561295356,0.12285147620924997
8311-UEUAB,0.12283571184356412,0.12283571184356412
4939-KYYPY,0.06262272903787591,0.1225787090221595
8963-JLGJT,0.06732121862915175,0.12246576388622354
7608-RGIRO,0.050038311267035174,0.12246234437929171
1705-GUHPV,0.06169577175112129,0.12227198084482249
2845-KDHVX,0.08048389080782581,0.12223390736489748
7030-NJVDP,0.06254369935645399,0.12208377399901171
8016-ZMGMO,0.121579300767925,0.121579300767925
3640-JQGJG,0.0635425114563477,0.12147394913824916
8992-VONJD,0.06350576832928467,0.12140594881377198
7145-FEJWU,0.06666895653919536,0.1213853739811076
1023-BQXZE,0.03234254030930184,0.12119134069896709
2931-VUVJN,0.025458834397643182,0.12118740526665994
6559-RAKOZ,0.05622178840540826,0.12113243799546947
4232-JGKIY,0.06950918933876737,0.12082074905672624
7617-EYGLW,0.06950873645773947,0.12081998423520601
5088-QZLRL,0.06950656266832722,0.1208163131545722
0447-RXSGD,0.06183929235254071,0.12075336994685126
3970-XGJDU,0.04926885046347873,0.12065235157668008
4559-UWIHT,0.0624649128331386,0.12049642788644188
3606-SBKRY,0.04866271704599179,0.1204886909436026
3717-LNXKW,0.061015302370667324,0.12043097948701209
7621-VPNET,0.04887413412372832,0.12028268073299031
8646-JCOMS,0.12020243147682175,0.12020243147682175
1525-LNLOJ,0.12012844091589003,0.12012844091589003
6035-RIIOM,0.05105361160165178,0.1201181047703147
5129-JLPIS,0.05916972100007811,0.12008957755774485
2754-SDJRD,0.0650789236801389,0.12005568752409179
7103-IPXPJ,0.06061655403659305,0.11984287044671038
6075-SLNIL,0.06068161624877089,0.1197937480424579
0412-UCCNP,0.04512425789932484,0.11972207853927352
4012-YCFAI,0.030620840528209237,0.11969224763002728
1833-TCXKK,0.05444283307784359,0.11967897949809059
7869-ZYDST,0.048315036056015614,0.1196612138176093
5438-QMDDL,0.06424000721847345,0.11965320227467546
0141-YEAYS,0.06103314301735541,0.11956739215832946
9953-ZMKSM,0.060276298528183725,0.11955042862341836
4890-VMUAV,0.06026072205207633,0.11952053997136136
6625-IUTTT,0.11946544652426316,0.11946544652426316
2378-HTWFW,0.05630667936428513,0.11902134926398134
4881-JVQOD,0.06520852468590044,0.1189960904715226
4238-JSSWH,0.056238103987530264,0.11888136173172403
0282-NVSJS,0.06516746072760604,0.11873237500398226
2673-CXQEU,0.03651715577205539,0.11866745526979072
5337-IIWKZ,0.055380274732053536,0.11852632866896007
6199-IWKGC,0.04987722653096993,0.11842231478068987
9121-PHQSR,0.0637404719876854,0.1183679303402454
4003-FUSHP,0.06350223388683474,0.11832051071368666
0289-IVARM,0.05593051157524931,0.11825330414154955
0939-EREMR,0.06177868543385301,0.11820671716110343
2696-ECXKC,0.04451908695782025,0.11818050054240259
0292-WEGCH,0.05016893801301037,0.11811362500594802
4986-MXSFP,0.06632140439042644,0.11805728820197536
0871-OPBXW,0.06632131781830441,0.11805713849628396
3594-IVHJZ,0.06632062524524895,0.11805594085711868
6942-LBFDP,0.06632045210307447,0.11805564144909597
3635-QQRQD,0.04812816998524749,0.11796497655977922
0121-SNYRK,0.05957585258704157,0.11785113268880343
9481-SFCQY,0.06099991872309052,0.11775856336379231
5934-TSSAU,0.05905348001645505,0.11764790045568263
9586-JGQKH,0.0773132343933095,0.11752656541831985
0813-TAXXS,0.04423962895763878,0.11746804432384739
8272-ONJLV,0.06438137459727289,0.11734194714316326
1091-SOZGA,0.0360625436940436,0.11725457506897263
2911-WDXMV,0.05947276255078782,0.11713413167204789
1460-UZPRJ,0.02992667714279018,0.11710530745289971
3733-LSYCE,0.05887816912538957,0.11708328625902098
1074-AMIOH,0.061766811425215784,0.11704942991307443
2227-JRSJX,0.05876502224518465,0.11699320628191034
5651-WYIPH,0.05938413497920736,0.11696508594535227
2460-NGXBJ,0.06597620763663647,0.11676184038738424
8268-YDIXR,0.03586152382241159,0.11662932003232329
0248-PGHBZ,0.11652318580993504,0.11652318580993504
1485-YDHMM,0.06712959569522126,0.11639038620165543
6993-YCOBK,0.029691472399619112,0.11622746711975696
5433-KYGHE,0.06016899482790339,0.11620380330112035
9822-BIIGN,0.06124740467283174,0.11609478432992115
6507-DTJZV,0.06058111576209113,0.11598498447984118
6745-JEFZB,0.05476480948501938,0.11587091090747137
0314-TKOSI,0.06347124945629135,0.11579647445246333
5447-VYTKW,0.05899458347020259,0.11569790583434547
1353-LJWEM,0.06534584623831952,0.11567719311541136
2393-DIVAI,0.06347284916714035,0.11566641640979758
9013-AQORL,0.05581560954327691,0.11559844114721607
8490-BXHEO,0.058645495369968215,0.11555558630900575
6917-IAYHD,0.06635024297362568,0.11547882081027538
5624-RYAMH,0.06504275788318647,0.11545530048942088
3397-AVTKU,0.049724581860233874,0.11543187437350055
2640-LYMOV,0.06480159469781488,0.11542736577631918
7994-XIRTR,0.04896709103173025,0.11538618258128508
4929-ROART,0.0585486630780937,0.11537072267746662
3197-NNYNB,0.09097793739602666,0.11533088069651265
2832-SCUCO,0.06462035654584963,0.1151135089479901
8003-EWNDZ,0.06298025552466335,0.11504630058930598
6522-YRBXD,0.054350442490097906,0.11502321160630946
2322-VCZHZ,0.057660450050602385,0.11495970602124883
9763-GRSKD,0.05998757628602169,0.1148828276400391
8544-GOQSH,0.059446515559874014,0.11485084915994614
0484-FFVBJ,0.047817719222878474,0.11461436773798228
1928-BXYIV,0.06582184104027244,0.1145838766464482
5730-RIITO,0.04932775827403035,0.11454329704764243
5724-BIDBU,0.05301226118816271,0.11444913413152003
0098-BOWSO,0.05826417932107553,0.1143094039916227
1017-FBQMM,0.046493628470975046,0.1141054133892393
2455-USLMV,0.04598456744427326,0.11410243359537886
6211-WWLTF,0.05735841737608682,0.1139424413958352
5832-EXGTT,0.052962083426703055,0.11390536313081168
6728-CZFEI,0.05720449761670998,0.11385821032702892
0654-PQKDW,0.046374417378324484,0.11382352573193188
7950-XWOVN,0.06425425237897309,0.11379749696301111
1848-LBZHY,0.06269014820207752,0.11375627088295348
2434-EEVDB,0.07476703529570361,0.11373983706312663
9979-RGMZT,0.06258814439125426,0.11357635899287
8402-EIVQS,0.11355896610036931,0.11355896610036931
7670-ZBPOQ,0.022657224983753776,0.1134203861002363
4525-VZCZG,0.04799441463777043,0.1131751721990989
1231-YNDEK,0.022597180891435698,0.11313423585085092
1134-YWTYF,0.057644842182890454,0.11313117836371711
2507-QZPQS,0.05680918155673631,0.11309557715978813
9039-ZVJDC,0.06201701968915363,0.11308785689918288
9714-EDSUC,0.06210652784492621,0.11308657030438363
7526-IVLYU,0.06201612713413496,0.11308627493492884
3712-PKXZA,0.036339028737661705,0.11299759401406773
6048-QBXKL,0.06336892538589312,0.11294498050820223
8706-HRADD,0.05666542059005397,0.11294177582200049
0014-BMAQU,0.05681682914684505,0.11289953741303482
4693-VWVBO,0.061842985687318386,0.11277937419050921
3744-ZBHON,0.06184193371239988,0.1127775093678226
8212-DJRCH,0.05932334620922175,0.11267052733608729
8849-PRIQJ,0.11266389365425389,0.11266389365425389
6242-SGYTS,0.04573271138644697,0.11230520639464414
8049-WJCLQ,0.06138097654071584,0.11220635355001196
9137-NOQKA,0.06294174192234425,0.1122041890820108
7690-KPNCU,0.0737335575153395,0.11220119212594715
5993-JSUWV,0.11216197407973794,0.11216197407973794
0228-MAUWC,0.06008352030020769,0.11213244623137364
2758-RNWXS,0.052859380542188306,0.1119691949685615
0689-DSXGL,0.06438363382817758,0.11175350356268066
6784-XYJAE,0.05786724763795337,0.11157151289327627
3498-LZGQZ,0.05608775519992282,0.11149461203922395
9108-EJFJP,0.06396541358612617,0.11143652095722012
5478-JJVZK,0.0493847901966018,0.11135515045069677
0696-UKTOX,0.055750981150969436,0.11126808981457759
3345-PBBFH,0.06016367658995003,0.11124234646319175
7643-RCHXS,0.05593022687084881,0.11119090551072808
6475-VHUIZ,0.05565646733935148,0.11108515925838569
9470-XCCEM,0.052403628895904,0.11103457788427695
8857-CUPFQ,0.05574590992729789,0.11083548447915381
1791-PQHBB,0.06210812936810861,0.1107577890014313
2279-AXJJK,0.06376399722277137,0.11070570240956945
2974-GGUXS,0.057326714337302076,0.11055962625181426
7398-LXGYX,0.047409281284164106,0.11047525593271545
2155-AMQRX,0.05300239361898995,0.11044875565147894
8317-BVKSO,0.05708779351993831,0.11042660750781197
2804-ETQDK,0.11039541745390402,0.11039541745390402
1853-ARAAQ,0.054921601683737054,0.11033375239495369
9659-QEQSY,0.049959443249588786,0.11014582942138129
4486-EFAEB,0.05741818563293721,0.11010385817188562
1564-HJUVY,0.06039730543574351,0.11005899603219338
4366-CTOUZ,0.055501836351959155,0.11003201532617823
0848-ZGQIJ,0.05912087021431067,0.11002848908991159
0380-NEAVX,0.05127088806496205,0.1100124063278336
7636-OWBPG,0.06020263553958072,0.10993342488636126
1845-CSBRZ,0.05247477672432954,0.1098474991199827
0690-SRQID,0.060236960817539265,0.1097747284162297
5144-PQCDZ,0.06023648748853205,0.10977388921036346
0343-QLUZP,0.027899494042585737,0.10951769047573723
1153-GNOLC,0.04853815530930228,0.10950917215196143
3946-JEWRQ,0.048528684975763126,0.10947089072731864
9972-VAFJJ,0.05764288690231356,0.10945598383723287
2043-WVTQJ,0.06279221706894267,0.10944496692260852
2712-SYWAY,0.06273291596667863,0.10934424847876356
6865-JZNKO,0.04587018138072663,0.10932925446121045
2097-YVPKN,0.08617713579131836,0.1093240499849657
4163-KIUHY,0.05155005727641793,0.10928270970083642
0960-HUWBM,0.08599911419724049,0.10910113376709163
9822-WMWVG,0.0490655175665734,0.10904220781915375
6035-BXTTY,0.04539762164461569,0.10901313776098787
9495-SKLKD,0.04939704118901722,0.10894591306096058
6217-KDYWC,0.02887995541155719,0.10876974696186847
3552-CTCYF,0.05466269847943117,0.10874524275544639
1229-RCALF,0.07138155194205553,0.10869597469614711
2868-LLSKM,0.1085579925320953,0.1085579925320953
4280-DLSHD,0.0586026257376463,0.10843457923341537
2530-FMFXO,0.03317999562954954,0.10825874405302705
0142-GVYSN,0.053831887109512144,0.10820935492038453
3737-XBQDD,0.05519188812518527,0.10814850609802551
4990-ALDGW,0.028700613161142807,0.10812283406915668
1573-LGXBA,0.028695039915554554,0.10810272497638174
0602-DDUML,0.028690326158128387,0.10808571677992884
4385-ZKVNW,0.046345576403883815,0.10807926462263562
5955-EPOAZ,0.05909612776544526,0.10802835154296409
2732-ISEZX,0.05680031235347083,0.10801257756160121
0083-PIVIK,0.07084095740434859,0.10788962567008498
1063-DHQJF,0.10770291518188924,0.10770291518188924
4647-MUZON,0.05451724768728006,0.10765688820931463
7153-CHRBV,0.028565492613234822,0.10763520393547776
1834-ABKHQ,0.06190866497989167,0.10756511058186902
1703-MGIAB,0.05331140367278053,0.10742108592828692
9978-HYCIN,0.04749172448405514,0.10720726331097474
6497-TILVL,0.058969568515844895,0.1071830425271394
5046-NUHWD,0.049722571672994764,0.10715524695176704
6921-OZMFH,0.05625334730887499,0.1070012161075059
9114-AAFQH,0.0514394764135635,0.10680791697304948
4137-JOPHL,0.0538081812565121,0.10677108288810655
3926-YZVVX,0.04797919153927832,0.10670467643942827
1240-HCBOH,0.10658577955403536,0.10658577955403536
4458-KVRBJ,0.022226832375166317,0.10649015541645102
3130-ICDUP,0.059621836974633524,0.10643748197930236
6569-KTMDU,0.0609813957533214,0.10636716127186907
7302-ZHMHP,0.060981315921933565,0.10636702548143895
1905-OEILC,0.06098075710504858,0.10636607495298722
2866-IKBTM,0.06098067727446932,0.10636593916385961
8605-ITULD,0.06098067727446932,0.10636593916385961
0970-QXPXW,0.060980517613614116,0.10636566758609334
7721-DVEKZ,0.060980517613614116,0.10636566758609334
6124-ACRHJ,0.060980357953163145,0.10636539600897832
1135-LMECX,0.060980198293116517,0.10636512443251467
7878-RTCZG,0.0609801184632448,0.10636498864452704
6654-QGBZZ,0.0609801184632448,0.10636498864452704
8974-OVACP,0.06097971931540258,0.10636430970703192
2592-YKDIF,0.06097939999894797,0.10636376655996671
3727-JEZTU,0.060979320170087115,0.10636363077360755
9753-OYLBX,0.060979160512668495,0.10636335920137774
7243-LCGGZ,0.06097852188703701,0.10636227291897193
1866-OBPNR,0.060930255411747125,0.10628017145716862
0931-MHTEM,0.04487924339971838,0.10607206742775221
5195-KPUNQ,0.05576549342009962,0.10598860313743674
7941-RCJOW,0.0834538364478915,0.1059126206390637
5671-RQRLP,0.10589890203491659,0.10589890203491659
6486-LHTMA,0.04255176702985752,0.10587529933471185
1636-NTNCO,0.058031706115364234,0.10586084453992228
8903-WMRNW,0.05300330023077571,0.10573616462442437
0303-WMMRN,0.055493465103386486,0.10559523286837247
2018-PZKMU,0.05928509329092668,0.10549356227217432
5118-MUEYH,0.050761308662509164,0.10544150913551675
8378-LKJAF,0.05319781068051643,0.10544035901779136
8467-WYNSR,0.05029515844869181,0.10542117789790839
2408-PSJVE,0.04513226300732909,0.10534167552990015
7241-AJHFS,0.04377878932051138,0.10525462162851629
1194-BHJYC,0.033696957133498295,0.10509557526470514
7077-XJMET,0.05745968669151724,0.10505471505189146
4353-HYOJD,0.05339770549287137,0.10503010337651908
8118-TJAFG,0.05900517575368791,0.10500797282910024
4983-CLMLV,0.06040008886065029,0.10500790872746868
8226-BXGES,0.06889204670508475,0.10498048038321472
9555-SAHUZ,0.052954925480674264,0.10497254151958035
3154-HMWUU,0.02667003073891272,0.1048919344950735
1932-UEDCX,0.04639701558172982,0.10483092910466807
2927-QRRQV,0.04392254932937778,0.10474884008703655
2823-LKABH,0.05299123594542443,0.10472809629407931
2971-SGAFL,0.05447300619169548,0.10461032839032924
3308-MHOOC,0.0599437557652962,0.10460140384160044
1724-IQWNM,0.059943598731799,0.1046011365006736
5868-YTYKS,0.05994210693343116,0.10459859679391947
8267-KFGYD,0.059940850710042404,0.10459645813847784
7284-BUYEC,0.05489045049229868,0.10447872741675845
3796-ENZGF,0.05241151165190239,0.10439315894395051
4712-AUQZO,0.05269003782533466,0.1041494470960942
2665-NPTGL,0.05175052023218207,0.1041444544925253
6838-YAUVY,0.04402521722592123,0.10411890039216853
1206-EHBDD,0.03185666174334678,0.10410731445505161
0847-HGRML,0.04225769494796716,0.10405565799471528
3067-SVMTC,0.10405131696473713,0.10405131696473713
9975-SKRNR,0.059579783028205324,0.10398166578952595
1015-OWJKI,0.059579548862562004,0.10398126701380839
9441-QHEVC,0.059579470807545554,0.10398113408888898
1663-MHLHE,0.059579314697809416,0.10398086823952979
8393-JMVMB,0.05957892442520174,0.1039802036189299
7601-WFVZV,0.059578768316851494,0.10397993777180903
3785-NRHYR,0.059578612208897264,0.10397967192532787
3930-ZGWVE,0.05957845610133894,0.10397940607948608
6286-SUUWT,0.05957814388741012,0.1039788743897212
7698-YFGEZ,0.059578065834175464,0.10397874146767971
3030-ZKIWL,0.05957798778103951,0.10397860854579799
7096-UCLNH,0.05957798778103951,0.10397860854579799
8749-CLJXC,0.05957798778103951,0.10397860854579799
8048-DSDFQ,0.05957775362222628,0.10397820978111239
3247-MHJKM,0.05957775362222628,0.10397820978111239
6380-ARCEH,0.05957775362222628,0.10397820978111239
8203-XJZRC,0.059577675569486455,0.10397807685987026
9122-UMROB,0.05957759751684555,0.10397794393878812
2676-ISHSF,0.05957759751684555,0.10397794393878812
3590-TCXTB,0.059577519464303785,0.10397781101786574
6579-JPICP,0.05957744141186083,0.10397767809710323
2668-TZSPS,0.05957736335951702,0.10397754517650082
0673-IGUQO,0.05957736335951702,0.10397754517650082
3976-NLDEZ,0.05957712920307923,0.10397714641565226
4013-GUXND,0.059576816995881354,0.10397661473675934
2111-DWYHN,0.05957634868805406,0.10397581722321625
4686-UXDML,0.05196133350830556,0.10383012349877918
2898-MRKPI,0.10381313614566601,0.10381313614566601
4445-ZJNMU,0.05831406890469004,0.10380855920841414
7319-VENRZ,0.05702542278825151,0.103739316478202
0708-LGSMF,0.05390946621785886,0.10355727897786882
9825-YCXWZ,0.046469529371314766,0.10345048037361859
6738-ISCBM,0.04428031116145792,0.1034164893450722
5937-EORGB,0.05176229348534456,0.10332969513013479
3071-VBYPO,0.05648243961543442,0.10325307185566646
9619-GSATL,0.04428525635120806,0.10320657763648589
9860-LISIZ,0.047988931006865077,0.10318052314064952
6620-JDYNW,0.05210607368980169,0.10302701876077147
4456-RHSNB,0.055065214015133535,0.10301148655968251
1386-ZIKUV,0.05660435862651747,0.10299266219474601
8295-FHIVV,0.056603690149435004,0.10299147658485497
9788-YTFGE,0.05660287313228596,0.10299002752355058
4298-OYIFC,0.05157327395091005,0.10296287131206916
4177-JPDFU,0.05626556082226253,0.10292690943438876
5481-NTDOH,0.10289714346977197,0.10289714346977197
3638-DIMPH,0.05350951848090546,0.10280955315754481
9200-NLNPD,0.0314379573165221,0.10279096270025134
9133-AYJZG,0.05135745616778142,0.10274401712065995
1614-JBEBI,0.05540978773035998,0.10267874816773526
2453-SAFNS,0.043231163200578515,0.10230063160490832
8745-PVESG,0.027080966244784288,0.10226466954949387
3853-LYGAM,0.05064898510309368,0.10220623671271878
4837-QUSFT,0.08046058415017487,0.1021596958072798
9500-WBGRP,0.1021135157793609,0.1021135157793609
2937-FTHUR,0.05162140148398242,0.10209489587361142
7629-WIXZF,0.055957186436401685,0.10184449830885978
0295-QVKPB,0.0534176293721117,0.10174888091547984
6980-CDGFC,0.10165158884868664,0.10165158884868664
1194-HVAIF,0.05152033975913084,0.10143731049445559
2676-OXPPQ,0.05536667408531526,0.10138157074139931
6752-APNJL,0.040903033552162626,0.10130370403269917
8294-UIMBA,0.04234433462538134,0.1011916454041819
1422-DGUBX,0.04198227885122474,0.10107251087642821
5309-TAIKL,0.05544645388423963,0.10093791430490195
3374-PZLXD,0.046879002311668416,0.10086355645343603
5951-AOFIH,0.044559418238417914,0.10080474024138908
2599-CZABP,0.051971361067916666,0.10079201341338562
7181-OQCUT,0.050385183232712016,0.10076648553053635
4283-IVYCI,0.05656151975610002,0.10076376286401478
5173-WXOQV,0.05636044817351149,0.10075592623195251
8563-OYMQY,0.04990118565485879,0.10073870007277697
5639-NTUPK,0.052389905262404834,0.10071473567146316
9761-XUJWD,0.05284638125609242,0.10068899098645523
9405-GPBBG,0.06585784630921232,0.10044460519733922
8734-FNWVH,0.04027861060751625,0.10040178495741481
0277-ORXQS,0.10039155098404728,0.10039155098404728
1171-TYKUR,0.04437222908359584,0.10037778797691599
5012-YSPJJ,0.04025278246580932,0.10033947620784578
0089-IIQKO,0.04633234949722209,0.10029442245931819
3780-DDGSE,0.047178014436150884,0.10028018592842258
9777-WJJPR,0.040163477447163975,0.10012401319323239
0100-DUVFC,0.10010346053202201,0.10010346053202201
0489-WMEMG,0.04999635809072489,0.100094809757452
9137-UIYPG,0.047042177070576785,0.0999996946079228
5016-IBERQ,0.04993857058204054,0.09998224480368789
8042-RNLKO,0.09987027848633712,0.09987027848633712
1173-NOEYG,0.050671209896160696,0.0998099057168994
7129-AZJDE,0.04630470027085376,0.09966341866718631
4536-PLEQY,0.05439511311726786,0.09958922915988999
4495-LHSSK,0.05030674732234941,0.09956407393001743
4660-IRIBM,0.050261839135711917,0.09947755792452984
3692-JHONH,0.05706077711122581,0.09933600326778713
9362-MWODR,0.04537917596151142,0.09928147391355857
9921-EZKBY,0.04386504090555221,0.09928066826014437
0281-CNTZX,0.04975234295917241,0.09923837188961204
5160-UXJED,0.049107756431237104,0.09918025886851545
0303-UNCIP,0.044480300099434156,0.09915234122402172
5453-AXEPF,0.04908398525615343,0.09913354633721416
0396-HUJBP,0.05536883706705997,0.09902523500796079
2308-STERM,0.05536869166237457,0.09902498111769764
1051-GEJLJ,0.05536854625805965,0.099024727228049
1796-JANOW,0.055367891943228664,0.09902358473223516
8006-PYCSW,0.055367673839952336,0.09902320390306263
2342-CKIAO,0.055367383036880824,0.09902269613298353
9818-XQCUV,0.055367310336344566,0.09902256919084795
2087-QAREY,0.047135059013982517,0.09898278212818423
4936-YPJNK,0.05395771554154116,0.09896866315238784
1784-BXEFA,0.05395679381087426,0.09896701376676542
3847-BAERP,0.053956297500695416,0.09896612564679508
7717-BICXI,0.025058934296246282,0.0988028405566248
2197-OMWGI,0.0987165793922472,0.0987165793922472
9881-VCZEP,0.04826345581753477,0.09855820725280295
0369-ZGOVK,0.04712353015429649,0.09853846536387612
9209-NWPGU,0.042113080268945446,0.09850820150934636
9314-QDMDW,0.05538974146418718,0.09846652595950511
5472-CVMDX,0.09844846157957499,0.09844846157957499
6797-UCJHZ,0.09834541201153679,0.09834541201153679
2720-FVBQP,0.05366518123101416,0.09834144568386882
1302-TPUBN,0.09825826932768789,0.09825826932768789
5730-DBDSI,0.09825738721519828,0.09825738721519828
5236-XMZJY,0.039622437638883956,0.09823161544092784
7011-CVEUC,0.0480722698320426,0.09817833440147095
7799-DSEWS,0.04957408723572465,0.09815207065796572
1357-MVDOZ,0.05514569756526544,0.09804278336893091
4636-TVXVG,0.0397155498613031,0.09799134486377448
5666-MBJPT,0.07705028679652892,0.09787964191525411
3489-VSFRD,0.029829250694817233,0.09772070555821633
1100-DDVRV,0.04833786146422547,0.09766670724222593
9388-ZEYVT,0.04174180622449075,0.09745631969654023
9505-SQFSW,0.05319347311633427,0.0973847149106033
3571-DPYUH,0.019297262097774492,0.09729252909909714
0013-MHZWF,0.05455526108770703,0.09727245673267759
5995-SNNEW,0.04849950834361383,0.09717674622502492
1104-TNLZA,0.046444943278522666,0.09715822779554384
1442-OKRJE,0.09706841551540513,0.09706841551540513
1767-CJKBA,0.09702776604194618,0.09702776604194618
3806-YAZOV,0.05297796524218201,0.0969995704569695
0030-FNXPP,0.052976502572355644,0.09699695618771953
0178-CIIKR,0.052976363272514315,0.09699670721316977
6734-CKRSM,0.05297629362272693,0.09699658272612144
9770-LXDBK,0.0529757364276322,0.09699558683517218
0674-GCDXG,0.04859598808459831,0.09699205982610637
6418-PIQSP,0.0392795595236326,0.09694878988262057
7722-CVFXN,0.040867515121982945,0.0968753296342183
9097-ZUBYC,0.04989836344277909,0.09687371405469636
6112-KTHFQ,0.05033479345273817,0.09686331387177494
6131-JLWZM,0.050333468071396714,0.09686082739669943
0366-NQSHS,0.054092124138156006,0.09679472290467084
9101-NTIXF,0.054092053063731216,0.09679459866272322
3936-QQFLL,0.05409155554529743,0.09679372897331295
8150-QUDFX,0.05409141339798973,0.09679348049198144
9700-ZCLOT,0.0540912001777083,0.09679310777111483
0188-GWFLE,0.054091129104462565,0.09679298353112753
5919-VCZYM,0.054091129104462565,0.09679298353112753
5067-DGXLL,0.054090844812386574,0.09679248657268613
0816-TSPHQ,0.054090134088544795,0.09679124418713714
3675-YDUPJ,0.05271276373024458,0.09673960412124183
6408-OTUBZ,0.09656596865472622,0.09656596865472622
8059-UDZFY,0.0425188146876786,0.09632166971523204
3161-GETRM,0.044698436600716374,0.09630209469207818
1702-CCFNJ,0.055256763978608237,0.09626530723500071
2267-FPIMA,0.04832512524753596,0.09617237038798221
7576-JMYWV,0.040214596888788146,0.09617119237555671
9391-TTOYH,0.0479390814311923,0.09608296222351287
0567-GGCAC,0.052715294915523514,0.09608272675004659
9548-LIGTA,0.030646522712873825,0.09591183429016292
9659-ZTWSM,0.0958140155411239,0.0958140155411239
1448-CYWKC,0.018988029309931598,0.09579635319440827
1813-JLKWR,0.06273640068979669,0.09576978384406643
3407-QGWLG,0.05207113010787012,0.0953780820793454
2978-XXSOG,0.04534928034437036,0.09533346939212606
0678-RLHVP,0.050003337351300914,0.09530536399053657
3292-PBZEJ,0.053555809165047874,0.09528000588290386
1098-TDVUQ,0.05444209432452052,0.09521355639310958
7916-VCCPB,0.05094109082238085,0.09517023661686375
9972-NKTFD,0.04542646842145459,0.09508454295725377
7078-NVFAM,0.03937171821851393,0.09497458581463092
1319-YLZJG,0.05179054934983329,0.09493193369718633
3623-FQBOX,0.047382324169617296,0.09491483406763579
2896-TBNBE,0.04331608627715211,0.09489276228742916
6394-HHHZM,0.051752339994669994,0.0948077393635407
7245-JMTTQ,0.04756683538433426,0.09476590247508032
9589-ABEPT,0.09465405609273747,0.09465405609273747
7176-WIONM,0.05161460726475353,0.09461692216066575
6900-RBKER,0.05427394172127953,0.09459047111991958
6096-EGVTU,0.06193645881518872,0.09457036418112841
1334-PDUKM,0.09445996995682415,0.09445996995682415
4860-YZGZM,0.051350763234165986,0.09429802128490306
2436-QBZFP,0.044827952973420904,0.09426662205077585
1921-KYSAY,0.04222378734898735,0.0942626348363802
9742-XOKTS,0.09425792776511,0.09425792776511
6974-DAFLI,0.035186075484685664,0.09418767613889678
3301-VKTGC,0.09417686743007525,0.09417686743007525
1336-EZFZY,0.05144923973530491,0.09413075120851044
4397-FRLTA,0.05144910434133021,0.09413050920144683
4393-RYCRE,0.040180475599031484,0.09411805841563137
2692-PFYTJ,0.05374287891542384,0.09401735061239447
1116-DXXDF,0.04333547495318579,0.09398356243076333
4893-GYUJU,0.0471806669364464,0.09395209378012226
6941-KXRRV,0.04507133481317327,0.09393322737986609
2830-LEWOA,0.029966053490432465,0.09385433978022117
1855-CFULU,0.05128768099629444,0.0938419550789038
0867-LDTTC,0.04911791824718703,0.0937562320417934
2208-NQBCT,0.04643058554160684,0.0937112194948514
8777-PVYGU,0.053743089516264275,0.0936852757292862
7508-SMHXL,0.04680277647771813,0.09367945743919004
6244-BESBM,0.09362454494147932,0.09362454494147932
5201-USSQZ,0.04637266912828952,0.09359729265425798
0550-DCXLH,0.04853351258530281,0.09348091487894605
8043-PNYSD,0.0467813349451357,0.09346117865103509
9625-RZFUK,0.04678114982277004,0.09346081808746665
2851-STERV,0.0438252200964061,0.09334311259027739
9391-LMANN,0.04890194262664249,0.09325629234376587
9777-IQHWP,0.061044973036305294,0.09323301758155245
7611-YKYTC,0.044318363568186525,0.09322314302248036
4981-FLTMF,0.02455400858750345,0.09306758676623528
7291-CDTMJ,0.05318565428771049,0.09306356177732356
3144-KMTWZ,0.09303838784422747,0.09303838784422747
3774-VBNXY,0.06091372107110993,0.09303606286388566
4947-DSMXK,0.043066253198424165,0.09287949245547233
6022-KOUQO,0.051853952288470895,0.09287843271685059
0993-OSGPT,0.09287005609028298,0.09287005609028298
8033-VCZGH,0.046619378660201494,0.09286216532839853
4826-DXMUP,0.04356789932823435,0.09280951017587935
6670-MFRPK,0.09268160691974003,0.09268160691974003
0556-FJEGU,0.018343799182801268,0.0926728948273674
3253-HKOKL,0.053099201329053436,0.09258680213062409
0851-DFJKB,0.046223506106216394,0.09254885760428688
6500-JVEGC,0.09242992467660449,0.09242992467660449
5186-EJEGL,0.05177081493708813,0.09241681699936655
0516-QREYC,0.046959952356576684,0.09241371057487335
9415-TPKRV,0.04971834763402949,0.09237509096200369
6137-NICCO,0.05022936660985633,0.09218791917418212
4544-RXFMG,0.04957914251665596,0.09212237879690865
5222-JCXZT,0.050261939193153915,0.09200737873778064
7234-KMNRQ,0.050261939193153915,0.09200737873778064
8410-BGQXN,0.05026140978340632,0.09200643142313358
4558-CGYCZ,0.050260946554329444,0.09200560253040668
9367-OIUXP,0.05025968923920998,0.09200335271442339
5317-FLPJF,0.09199323586883357,0.09199323586883357
3259-KNMRR,0.024247236548708306,0.09194630119579017
3566-CAAYU,0.06017180975501524,0.0919224753306932
8672-OAUPW,0.046093695315289396,0.09190324856861853
8896-BQTTI,0.05250371185699587,0.0918956947407551
0365-BZUWY,0.045367708143207786,0.09181529218359419
1395-OFUWC,0.039197376487278834,0.09168235290672855
3173-NVMPX,0.051334222586295275,0.09165440088028642
6736-DHUQI,0.09165111261580428,0.09165111261580428
1470-PSXNM,0.04213426487956107,0.09158948138054346
9867-NNXLC,0.04351982216274486,0.09158668384163537
1452-KIOVK,0.04350569478639188,0.09155771820434899
2958-NHPPS,0.045614358142909484,0.09153854054168087
8780-YRMTT,0.0915298159957747,0.0915298159957747
9169-BSVIN,0.04988377240091624,0.09151526009616462
3323-CPBWR,0.04555857923211548,0.0914293588466597
6134-KWTBV,0.036971901841148846,0.09141845907652513
1552-CZCLL,0.034096819264203826,0.09136065812433736
0112-QAWRZ,0.048849379048356845,0.09135187816220725
0895-LMRSF,0.04549689926886635,0.0913086185783375
1216-BGTSP,0.04116603600565061,0.09128076190040779
3873-NFTGI,0.04683861166109171,0.09107479821064934
6303-KFWSL,0.04192864271710761,0.09079964416607267
1237-WIYYZ,0.04568893651573902,0.09064572088949563
6013-BHCAW,0.028903274552563918,0.09063440580129856
5630-AHZIL,0.04942053761665399,0.09063084700610702
7233-IOQNP,0.038692716971958085,0.09053459357540261
6972-SNKKW,0.049305425782988355,0.0905298103261517
5850-BDWCY,0.04930516598309442,0.09052934388917344
2928-HLDBA,0.04930451648919232,0.09052817780671041
3363-EWLGO,0.047379834133632004,0.09051552741562074
3977-QCRSL,0.04737958422526567,0.09051506104851237
6773-LQTVT,0.04174586712520856,0.09041412826838802
7729-XBTWX,0.09040916833574997,0.09040916833574997
7966-YOTQW,0.049179176710130945,0.09039876287206428
2123-VSCOT,0.018733080776989985,0.0903820248719347
9364-YKUVW,0.0450916014913616,0.0903375597714623
1452-XRSJV,0.04159548660676926,0.09030831263056649
6103-QCKFX,0.03849229044125768,0.09027292821899047
2120-SMPEX,0.044087869921795586,0.09024255574740636
2662-NNTDK,0.07094265096172181,0.09020307443244868
4324-BZCKL,0.0490300338660119,0.09013067735922853
3662-FXJFO,0.037932714041412186,0.09011217501113633
6261-LHRTG,0.04459460475664745,0.090096077018755
6874-SGLHU,0.03755240383547942,0.0900613261421711
7268-IGMFD,0.045313063740926585,0.08991783524831487
8963-MQVYN,0.04265130286167218,0.08980501998787693
9795-VOWON,0.049184436173949075,0.08978793706797916
5740-YHGTW,0.08977806277401745,0.08977806277401745
8812-ZRHFP,0.037353682215020556,0.08959799201892815
5949-HGVJL,0.04429304008563506,0.08950156913940699
4335-BSMJS,0.03614909812318734,0.0894416407382248
0436-TWFFZ,0.08943605158848511,0.08943605158848511
8350-NYMVI,0.04117288545533038,0.08941444543882637
9069-LGEUL,0.044525741154147536,0.08940646267371377
6985-HAYWX,0.04421673752115429,0.0893511136186137
7471-WNSUF,0.022568775820902554,0.08932980931410639
6837-HAEVO,0.089314432637285,0.089314432637285
3359-DSRKA,0.01764637478332498,0.08928169018788057
2172-EJXVF,0.08925585444782236,0.08925585444782236
4163-HFTUK,0.044687173019402504,0.08916574251880949
0266-CLZKZ,0.08911995715100707,0.08911995715100707
1641-BYBTK,0.04846117505918601,0.08901347790048553
6351-SCJKT,0.048505234737453606,0.0889888390407626
2692-AQCPF,0.06982431603876527,0.08879590157846162
3007-FDPEA,0.049413831563462685,0.08860001935322459
4957-TREIR,0.04826787838223068,0.0885628078753905
7968-QUXNS,0.04816633261097947,0.08848364254720875
6490-FGZAT,0.048164174068591525,0.08847976309044248
6377-KSLXC,0.046282854230444204,0.08846727072874938
2439-QKJUL,0.046282487835055175,0.08846658622741232
6621-YOBKI,0.04628236570388777,0.088466358061419
6685-XSHHU,0.022325979267493024,0.08840215420782072
5146-YYFRZ,0.08839862812181731,0.08839862812181731
0397-ZXWQF,0.08839737413230597,0.08839737413230597
4075-JFPGR,0.04427650051742282,0.08836565963219256
9488-FYQAU,0.04415544216171796,0.08833933434494123
6202-DYYFX,0.04190811782065995,0.08827897658632045
2320-YKQBO,0.04833293615651735,0.0882668564627026
6671-NGWON,0.048331598434547596,0.08826446589055714
3530-CRZSB,0.04833121623489678,0.08826378288125147
7633-MVPUY,0.02323179339076087,0.0882273711827456
3567-PQTSO,0.04620146000280334,0.08822265429104925
2137-DQMEV,0.0881835407671765,0.0881835407671765
3845-JHAMY,0.04708681396267844,0.0881284108527911
3011-WQKSZ,0.04690797065742458,0.08809013790547704
1360-RCYRT,0.043842757160100665,0.08806751435924598
5578-NKCXI,0.017394200460624898,0.08805297728025119
4923-ADWXJ,0.04297063129731893,0.08801080624490265
7029-IJEJK,0.03701269104806637,0.08798587510930378
2931-XIQBR,0.043987844089966144,0.08774324878134632
0927-CNGRH,0.050014669853299276,0.08762744510629672
4291-HPAXL,0.050014274696980054,0.08762676678591963
2812-SFXMJ,0.05001401126112226,0.08762631457510983
3645-DEYGF,0.05001308924625725,0.08762473185475728
4018-PPNDW,0.027871274895225895,0.0875001637185292
3580-GICBM,0.027871200636956805,0.08749993792362054
3197-ARFOY,0.04658264264768841,0.08749259832010137
7691-KGKGP,0.045792739491687384,0.08745962415968966
7072-MBHEV,0.049009129856152245,0.08735816896603166
2661-GKBTK,0.02203127204726274,0.08727520383656695
1121-QSIVB,0.03714134894043364,0.0871890618103135
9750-BOOHV,0.03601041653912018,0.08708672441005183
2761-XECQW,0.046807454009644145,0.08708373227954658
8777-MBMTS,0.06845802288841896,0.08707607534479989
2480-JZOSN,0.04968929873600658,0.08706884191507303
3134-DSHVC,0.043496140758193524,0.08705103755374033
4785-FCIFB,0.027698734081147203,0.0869754197764896
4767-HZZHQ,0.03622236262564982,0.08695756517709874
3680-CTHUH,0.021936678627954564,0.08691325862085564
6633-SYEUS,0.043213846766664954,0.08683368025622873
6435-VWCCY,0.06826086745180548,0.08682784593681736
0484-JPBRU,0.038773663124519575,0.08675756656632039
6625-FLENO,0.017124068597128006,0.08673527814915705
5606-AMZBO,0.04704855016700793,0.08656543728300514
6050-IJRHS,0.08655158327419021,0.08655158327419021
9091-WTUUY,0.056597101798456895,0.08655011935463597
3312-UUMZW,0.03576314799954616,0.08650485160076005
7047-FWEYA,0.03604784859001742,0.08647416920855033
9570-KYEUA,0.056531659427749625,0.08645166209584088
4299-OPXEJ,0.026275724162618697,0.086449251012783
9199-PWQVC,0.04318368330640887,0.08644016019233414
3587-PMCOY,0.0469584852055005,0.0864032304283413
2023-VQFDL,0.043473005365432194,0.08635025492793258
0750-EKNGL,0.04721263479692406,0.08626380677014822
5916-QEWPT,0.04802207347571852,0.08615567416842662
1163-VIPRI,0.06772668607416221,0.08615520741411886
8741-LQOBK,0.03590993225744443,0.08615215334294757
5609-IMCGG,0.042941342851671505,0.08612919740794256
1436-ZMJAN,0.046795745059200256,0.08611010151506948
6979-TNDEU,0.04621540645676936,0.08600573767911857
8898-KASCD,0.03947226624362976,0.08581247938677161
5016-LIPDW,0.022572450983508574,0.08580654209383265
2272-UOINI,0.046925029320708966,0.0857492518540448
6556-DBKZF,0.08569147949193245,0.08569147949193245
8124-NZVGJ,0.046603226016666555,0.085672317807861
8894-JVDCV,0.0345814479002825,0.0856680784811733
4619-EVPHY,0.04487628876764238,0.08565337320074262
1051-EQPZR,0.03645938753638345,0.08562999228974655
0983-TATYJ,0.037669808905348434,0.0856176223304479
0396-UKGAI,0.04258356033014743,0.08559628676899611
0215-BQKGS,0.03556251663686738,0.0854154280340228
0440-EKDCF,0.03445536518176284,0.08536416734112562
7969-FFOWG,0.06709350038377604,0.08535776103407677
8108-UXRQN,0.04783209832980939,0.08530232000334192
2969-VAPYH,0.0852028699878089,0.0852028699878089
9565-FLVCG,0.06689248442105311,0.08510456538820066
4391-LNRXK,0.04036207122348312,0.0850999539735019
0356-OBMAC,0.025850939044297583,0.08509525929551676
8164-OCKUJ,0.017585983479707523,0.08504288988121744
2826-DXLQO,0.04645530982970858,0.08490858782716293
3740-RLMVT,0.08481685716050624,0.08481685716050624
6848-YLDFR,0.016729121389126744,0.08480595757913345
3703-TTEPD,0.042209441167596506,0.08478878154197478
0365-TRTPY,0.045039207015849514,0.08476558348059615
8735-IJJEG,0.04350299473753261,0.0847320130855207
9066-QRSDU,0.0846993031090898,0.0846993031090898
9700-ISPUP,0.045958647015586496,0.08460161851957593
5887-IKKYO,0.01665743915222795,0.08445543567996017
3639-XJHKQ,0.04483473876701516,0.08427896199393492
7274-CGTOD,0.034002327929594345,0.0842716554876265
2716-GFZOR,0.03586162801802739,0.08408007448306432
7973-DZRKH,0.08407685229442352,0.08407685229442352
2580-ATZSQ,0.06607272636460537,0.08407185393219974
6614-VBEGU,0.04254555717593289,0.08391876070284121
2405-LBMUW,0.026690703145288874,0.0839055510066049
9489-UTFKA,0.04505828801690559,0.08389712702104168
1139-WUOAH,0.022052901634231348,0.08389560159317355
5982-XMDEX,0.06589511765333667,0.08384807273248696
2320-SLKMB,0.04138930520171091,0.08376684410921931
4835-YSJMR,0.03849978746426963,0.08374921549140346
3569-VLDHH,0.08373485753010668,0.08373485753010668
5799-JRCZO,0.04179263697742985,0.08371802438674891
6362-QHAFM,0.033518687795176194,0.08350115885083509
3594-KADLU,0.045449696286859465,0.08349734942616838
4324-AHJKS,0.043599398813379264,0.08344729668267703
5387-ASZNZ,0.08341056707655525,0.08341056707655525
7130-YXBRO,0.03987423655409017,0.08335334104591396
6791-YBNAK,0.041924655187416726,0.08334275844587646
2740-JFBOK,0.0452309106417883,0.08328926392192659
7570-WELNY,0.08322292629540151,0.08322292629540151
1991-VOPLL,0.046483939357131465,0.08316495844386862
6278-FEPBZ,0.04648246758151964,0.08316237698324114
3908-MKIMJ,0.08315722363656475,0.08315722363656475
9896-UYMIE,0.08313832869313298,0.08313832869313298
8514-VZHEB,0.01717312089413703,0.08311510480805473
8711-LOBKY,0.017172959870562,0.08311435230473785
6691-CCIHA,0.03350803140491432,0.0830787424862981
5274-XHAKY,0.03708272792039524,0.08306650378091662
1552-AAGRX,0.034534034998406016,0.08300866077654656
1297-VQDRP,0.08300327996934709,0.08300327996934709
4039-PIMHX,0.0380773602551262,0.08298168936370187
8017-UVSZU,0.03770310209124483,0.08289248113164349
3657-COGMW,0.047419272889185016,0.08287158277304063
5863-OOKCL,0.04499797559381258,0.08286901752816389
5127-BZENZ,0.025142758503653995,0.08283480516319774
1945-XISKS,0.08269331381882838,0.08269331381882838
5760-WRAHC,0.03915434101821469,0.0826124539242582
5542-DHSXL,0.04501544192004636,0.082596812648988
6253-WRFHY,0.04272173126008494,0.08252519517581247
1169-SAOCL,0.03777824190361623,0.08234525728967335
0784-GTUUK,0.03317777492292662,0.08228119093155473
7503-EPSZW,0.05368695688037073,0.0821681875392194
8070-AAWZP,0.041566726888144445,0.08202972195975189
2458-EOMRE,0.0459532056857086,0.08201625750325692
6754-LZUKA,0.026065432901662078,0.08199776452137153
2676-SSLTO,0.037533560142049116,0.08182446838217228
6023-GSSXW,0.08175162534040026,0.08175162534040026
3913-RDSJZ,0.053357363039826966,0.0816714327023873
1697-LYYYX,0.025945124923084095,0.08163037334466061
5802-ADBRC,0.040837535991101626,0.08159587629381082
2604-IJPDU,0.042699847845070416,0.08158554095733928
9373-WSLOY,0.03584547890369971,0.08157182213794434
3156-QLHBO,0.04538754683885471,0.08152052165261425
2410-CIYFZ,0.04538616885620472,0.0815180944634194
5186-PEIZU,0.03813463964475583,0.08150284516788664
4072-IPYLT,0.04190110433033922,0.08144181501352943
9135-HSWOC,0.05312785107512852,0.08132546195884982
7558-IMLMT,0.08130029933926064,0.08130029933926064
0310-VQXAM,0.045406244988150046,0.08127382816254913
4568-TTZRT,0.045405585682879335,0.08127267067958777
1104-FEJAM,0.038659063045590636,0.0812410089136546
0743-HRVFF,0.04062724424800779,0.08124033032924727
4476-OSWTN,0.08121441610988123,0.08121441610988123
3096-WPXBT,0.025794413876574662,0.08116999522307122
2133-TSRRM,0.03747860026457139,0.08110873106499561
0103-CSITQ,0.021290101962360475,0.08108457498674682
0780-XNZFN,0.02127569376136995,0.0810314168928078
4825-XJGDM,0.025665274400343163,0.08077538503022519
5315-CKEQK,0.038423882165327994,0.08075789745460871
0197-PNKNK,0.08073478566650794,0.08073478566650794
3096-YXENJ,0.0633691204440111,0.08066408790101265
8390-FESFV,0.03243000602954338,0.08047381365723116
1488-SYSFC,0.032070118977063466,0.08046626351995745
4906-ZHGPK,0.03376650968618633,0.08046007635002783
5917-HBSDW,0.04267327683445765,0.08040247189064764
8191-XWSZG,0.04595886827271456,0.08036630887350282
8591-NXRCV,0.035820938245284095,0.0803067281457136
1852-QSWCD,0.05244697394933129,0.08029882145687661
0319-QZTCO,0.0436673587260934,0.08028697938256535
6296-DDOOR,0.04266063760056982,0.08027418277715981
5882-CMAZQ,0.041876600107037754,0.08021733824152544
5232-NXPAY,0.035237631310185535,0.08020841422278668
8547-NSBBO,0.03751381809266641,0.08020607047642903
9313-CDOGY,0.04012998998244277,0.0800936226207567
5196-WPYOW,0.08009030490019076,0.08009030490019076
8441-SHIPE,0.07986292578009335,0.07986292578009335
7797-EJMDP,0.042835996976460566,0.0798410015494394
7521-YXVZY,0.043416341697655625,0.07983442349049896
7764-BDPEE,0.04341530903696711,0.0798325615031733
3750-RNQKR,0.04336301573508128,0.07978558474356656
1563-IWQEX,0.04336272922676376,0.07978506782320405
9367-TCUYN,0.04336227081730304,0.07978424075728408
6838-HVLXG,0.043362041614348645,0.07978382722739785
1539-LNKHM,0.043361927013315316,0.07978362046322318
7272-QDCKA,0.037933863579189486,0.07975085899603185
2654-VBVPB,0.04540182718867958,0.07969396726638789
6578-KRMAW,0.0328739407460773,0.07968953911415966
4565-EVZMJ,0.03499064092645743,0.07965950746735673
9046-DQMTP,0.03724602766754348,0.07964640219483488
1898-JSNDC,0.03650996126872952,0.07951950138117225
3061-BCKYI,0.04074888721064185,0.0794784435467134
0440-MOGPM,0.03544131826831398,0.07947551067944014
9830-ECLEN,0.01563968338519628,0.07946693155251994
7047-YXDMZ,0.03949040499203604,0.07944301060955838
6184-DYUOB,0.04313456879008004,0.07932629443012396
5066-GFJMM,0.043134226750461524,0.07932567754087383
6616-AALSR,0.06229584637824925,0.07931050008942975
9089-UOWJG,0.043071715245349806,0.07925994831374839
2615-YVMYX,0.07911712458986464,0.07911712458986464
7143-BQIBA,0.042907843145984725,0.07909410454771282
2371-JUNGC,0.044231229744957745,0.07899997309493445
9932-WBWIK,0.044231112900271485,0.0789997682737803
5504-WSIUR,0.0789896620851881,0.0789896620851881
2379-GYFLQ,0.03276735083870308,0.07879637310453569
6891-JPYFF,0.037638430401285006,0.0787817206060869
6485-QXWWE,0.03171517267621704,0.07874402391609381
6463-MVYRY,0.020632763272301125,0.07865703335592356
0533-UCAAU,0.020626890247717578,0.07863532284203711
1492-QGCLU,0.04106653662541471,0.07861377773090261
2811-POVEX,0.0390325610412362,0.07860879323926784
0440-UEDAI,0.04103601100680809,0.07855650883829757
1984-GPTEH,0.03614363631203643,0.07855410887041503
5848-FHRFC,0.0785380307505168,0.0785380307505168
6723-WSNTY,0.07846077672162521,0.07846077672162521
9782-LGXMC,0.035924298141887356,0.07839519739362233
6807-SIWJI,0.03925824626574548,0.07838992593643812
9402-ROUMJ,0.07830147163590273,0.07830147163590273
8958-JPTRR,0.02372327465831503,0.07829206987703297
2323-ARSVR,0.0782889568872499,0.0782889568872499
7054-DMVAS,0.03282692933082065,0.07827497841237907
6693-FRIRW,0.03931553584338909,0.07826348124383786
6890-PFRQX,0.039239013874193374,0.0781142977084407
0565-JUPYD,0.03892485596565198,0.07809298917544338
5067-WJEUN,0.07800714609886994,0.07800714609886994
8942-DBMHZ,0.04235583609737503,0.07796758668674797
3705-RHRFR,0.07796703237640079,0.07796703237640079
1194-SPVSP,0.04434986320700218,0.07788049281173282
3717-OFRTN,0.04434974605625075,0.0778802907686762
7310-EGVHZ,0.044349218881609365,0.07787938158113039
6728-WYQBC,0.044348340270806696,0.07787786629113136
8570-KLJYJ,0.04002363456316005,0.07786608736639367
9313-QOLTZ,0.038405043144564055,0.07785368965625417
0327-WFZSY,0.03572157041641788,0.07784067240500048
5394-MEITZ,0.01956577721536501,0.07780591802259185
1215-VFYVK,0.04234767646860349,0.07779435397746282
7674-YTAFD,0.03414311957213623,0.0777873133591136
7610-TVOPG,0.038666843839106235,0.07773381632625254
3528-HFRIQ,0.07765025257861635,0.07765025257861635
8747-UDCOI,0.06095809514232653,0.07762274238578537
4622-YNKIJ,0.034060507539872886,0.0776034327485402
9708-HPXWZ,0.04047166889664078,0.07757922010946894
2205-LPVGL,0.015227673608112169,0.07744122919973495
6040-CGACY,0.038468659356136414,0.07734361491091435
0347-UBKUZ,0.03846835356730505,0.0773430127840925
6481-LXPWL,0.02341681963126374,0.07730925090209473
5245-VDBUR,0.0441773239662816,0.07730607459913053
9467-ROOLM,0.03761033277074277,0.07726349390423048
1282-IHQAC,0.07724492899174162,0.07724492899174162
2243-FNMMI,0.040375318221981704,0.07723121039745584
9220-ZNKJI,0.02867708546005221,0.07721079662111541
2186-QZEYA,0.03545967276332063,0.07710035623863543
9040-KZVWO,0.03801345699251735,0.07707632363228523
7382-DFJTU,0.03870639097342399,0.0770755821488921
9798-OPFEM,0.03201550007307463,0.07703133505306126
4657-FWVFY,0.03497573612775018,0.0770297762327139
9968-FFVVH,0.03838307804081209,0.07702833543631904
9500-IWPXQ,0.024437491237330633,0.07701780659413504
6152-ONASV,0.07695478228589048,0.07695478228589048
9372-TXXPS,0.01933751375082604,0.07692547978556818
9967-ATRFS,0.040839385624597435,0.07691292267636562
3082-VQXNH,0.04178700652465228,0.07689438787830216
0864-FVJNJ,0.050050930530328386,0.07668276981841093
5140-FOMCQ,0.015790776402091478,0.0766368261895668
2481-SBOYW,0.024289672274639518,0.07656469798203247
5641-DMBFJ,0.01503037057340273,0.07646988472700789
3308-DGHKL,0.0764622014216404,0.0764622014216404
6994-FGRHH,0.0763756183572909,0.0763756183572909
6999-CHVCF,0.0763143521591162,0.0763143521591162
0730-KOAVE,0.031632176726775985,0.07619769145103639
1480-IVEVR,0.03558716674306406,0.07617535044002233
6537-OTKMY,0.03786952239139718,0.07616347166670712
4111-BNXIF,0.07611552155083623,0.07611552155083623
0872-JCPIB,0.0374241666843953,0.07606967218154215
0237-YFUTL,0.03799470912886571,0.07603042918400427
0128-MKWSG,0.03746707223614598,0.07599108994203752
8707-RMEZH,0.07591576203602635,0.07591576203602635
5567-GZKQY,0.014913483627299162,0.07589404701853741
3161-ONRWK,0.019063616434146002,0.075868187947429
1057-FOGLZ,0.038073351282835066,0.07584026226203433
9995-HOTOH,0.03777106722558354,0.07582490991428847
6484-LATFU,0.07577914961892807,0.07577914961892807
3043-SUDUA,0.031190298947191275,0.07570405349478027
6366-XIVKZ,0.0390888891177581,0.07564400945734917
9770-KXGQU,0.039484431104411466,0.07564331381454692
8231-BSWXX,0.07561954876992227,0.07561954876992227
8138-EALND,0.037573761685196105,0.07558061524158466
9764-REAFF,0.015565135064858793,0.07557590187730268
7407-SUJIZ,0.03673365477320467,0.07549949910418319
3038-PQIUY,0.037762450472906495,0.07546286828509008
3097-PYWXL,0.041048520300357993,0.07545141116628351
2228-BZDEE,0.03158892780698985,0.07539119188300336
9391-DXGGG,0.03198819344880166,0.07536956030230546
2863-IMQDR,0.023888920663615143,0.0753355028591085
3981-QSVQI,0.04026678410226214,0.07514109299924832
7036-ZZKBD,0.029887962303763338,0.07512156789847602
6950-TWMYB,0.031453435349187986,0.07507525432179363
2533-TIBIX,0.037313573718911974,0.07506770627985893
4526-ZJJTM,0.03651315914272257,0.07505555459563185
5307-UVGNB,0.03914187172249628,0.07499953112923408
6469-QJKZW,0.04079623938466792,0.07499611810339224
9554-DFKIC,0.031111914315436584,0.07497341204979657
6223-DHJGV,0.02997437061996422,0.0748807047136184
2256-YLYLP,0.07481817180654304,0.07481817180654304
2129-ALKBS,0.03394723023700763,0.07481352227384808
9330-VOFSZ,0.018767756927627,0.07472508979829107
7868-TMWMZ,0.0187206688155368,0.0745430591606775
0667-NSRGI,0.03556575378023241,0.07453283739307004
2105-PHWON,0.03267887513909007,0.07452504625108602
9541-ZPSEA,0.07446861401900551,0.07446861401900551
1345-GKDZZ,0.04039414412554032,0.07446504683392607
4719-UMSIY,0.04039403720167345,0.07446485328930252
7623-HKYRK,0.04039398373984393,0.07446475651717177
9294-TDIPC,0.03880872016632242,0.07445183909076192
7853-WNZSY,0.04236302828663119,0.0744511107303959
5995-WWKKG,0.03943951378803623,0.07442285448222297
8869-LIHMK,0.0484684564129616,0.07429176571389218
5811-IWXYM,0.04242025438230912,0.0742835166260597
4868-AADLV,0.07426094895839963,0.07426094895839963
3174-RKMOW,0.034623887760970584,0.07415650123634765
9426-SXNHE,0.04119308699758162,0.07411889234178459
6082-GLJIX,0.037188013073982784,0.0741111971234627
7542-CYDDM,0.03718722426049226,0.07410965583921436
4547-FZJWE,0.027478119705709014,0.07406167227502813
4203-QGNZA,0.035115844975738164,0.07394809563286042
2581-VKIRT,0.015218718229378259,0.0739452147374503
4006-HKYHO,0.03676104020733806,0.07383709159424479
1122-YJBCS,0.07382548365678288,0.07382548365678288
0868-VJRDR,0.04811966163515735,0.07376446562505301
1167-OYZJF,0.07368900293725966,0.07368900293725966
9507-HSMMZ,0.03085170121388703,0.07367137717208971
8144-DGHXP,0.03080879140498971,0.07357121831923608
9496-IVVRP,0.041115659794090154,0.07353129158621974
4872-VXRIL,0.022218790894849794,0.07346000786383233
3950-VPYJB,0.019210846979689,0.07338956494393589
9143-CANJF,0.03705266385862671,0.07329268155302304
7080-TNUWP,0.07328353417230504,0.07328353417230504
1423-BMPBQ,0.04167925528342953,0.07326958547121487
9629-NHXFW,0.041678814280503795,0.07326882322614581
3745-HRPHI,0.07322239337431924,0.07322239337431924
2284-VFLKH,0.03349922087581059,0.07321412785751491
2391-IPLOP,0.03654797219688821,0.07319154309836762
8717-VCTXJ,0.02927503206655291,0.07317397194488262
3454-JFUBC,0.07314027363248199,0.07314027363248199
5018-HEKFO,0.03961761898484939,0.07313705687092076
4716-HHKQH,0.03818677924586744,0.07312244750819974
6483-OATDN,0.03915110018759982,0.07309661878056728
4104-PVRPS,0.03693075723120631,0.07305615091310946
0962-CQPWQ,0.029297779115634803,0.07287966396634571
4079-ULGFR,0.0387324846487227,0.07277551540955263
7009-PCARS,0.026985010830574807,0.07276451833571274
6121-TNHBO,0.036210278869350465,0.07275222601497755
2753-JMMCV,0.057087239496884434,0.07273526987565082
0487-CRLZF,0.0332691031825878,0.07272165889495286
1696-MZVAU,0.03328328813228054,0.07263783006697389
5148-ORICT,0.04730807376503854,0.07253711119992512
0374-FIUCA,0.0569077124001921,0.0725084541105252
6030-REHUX,0.034406288625214554,0.07248392857223451
6685-GBWJZ,0.036063284989852895,0.0724625740318452
3723-BFBGR,0.03661862778307112,0.07245039974503631
5201-CBWYG,0.029102120976106205,0.07240402807288693
4694-PHWFW,0.03875142863524661,0.07236370619086452
2717-HVIZY,0.038751325971319917,0.07236351789180273
7293-LSCDV,0.018151793315591247,0.07234179141556807
3646-ITDGM,0.021858946565755266,0.07230162615585156
1710-RCXUS,0.0360445970700074,0.07225239968481123
8404-FYDIB,0.035542771031555453,0.07216377904019955
9281-CEDRU,0.07195530093422298,0.07195530093422298
8819-WFGGJ,0.07194550322370774,0.07194550322370774
8204-TIFGJ,0.035628296113585534,0.07188438030472633
7880-XSOJX,0.039067373572601705,0.07187321366283494
4199-QHJNM,0.07185090794125859,0.07185090794125859
4524-QCSSM,0.03534698834798666,0.07177392164928453
0604-THJFP,0.014752217919883015,0.07174562203399382
0048-LUMLS,0.03799151013074731,0.07173929551402847
5130-YPIRV,0.028804781947143643,0.07168092708922325
9277-JOOMO,0.038891642729635856,0.07165908712218372
0036-IHMOT,0.026548798131530882,0.07161606759448169
8510-BBWMU,0.031854349699480644,0.071600545225316
8713-IGZSO,0.03971611294065713,0.0715061778895294
9833-TGFHX,0.02858418282973918,0.07148607589462619
8295-KMENE,0.01468219968694262,0.07141511890376018
9374-YOLBJ,0.04059609518715945,0.0713965805776835
3679-XASPY,0.04059588029334127,0.07139620881713094
3807-XHCJH,0.040595289341081475,0.07139518648520438
1545-ACTAS,0.03402074774004937,0.0713588791291273
3099-OONVS,0.0346659025328141,0.07133191871259059
7268-WNTCP,0.028613039785638006,0.07121444648889208
3307-TLCUD,0.034961404533467966,0.07115953589669788
3466-WAESX,0.03784315685339468,0.07113397956412892
4531-AUZNK,0.03544375668537092,0.0710706611019053
7996-MHXLW,0.07102074833898298,0.07102074833898298
8184-WMOFI,0.028491030739085987,0.07091754228060954
9762-YAQAA,0.03247479178893875,0.07090908664259976
0959-WHOKV,0.02834584909947091,0.0709033404107573
7874-ECPQJ,0.03849274050796525,0.07083415065232657
6766-HFKLA,0.021394559585906414,0.07080519958435039
2252-ISRNH,0.039445472401696824,0.07078212154631425
1360-XFJMR,0.07072747999623374,0.07072747999623374
8216-AZUUZ,0.028267043621795884,0.07071060888813885
1850-AKQEP,0.03784983237530737,0.07070936247631143
0756-MPZRL,0.02930281652797706,0.07064637048717326
3318-ISQFQ,0.036861395062137814,0.07062984727186361
0136-IFMYD,0.07053048698447972,0.07053048698447972
7013-PSXHK,0.031937586957379915,0.0704745569062658
8982-NHAVY,0.03547140127324855,0.07042679898108861
0704-VCUMB,0.02229205473660656,0.07042632251454117
1265-HVPZB,0.014465592709773989,0.0703920847514744
9184-GALIL,0.03513771495460094,0.07031520980230188
5996-EBTKM,0.07029009555790311,0.07029009555790311
4940-KHCWD,0.017606383259928582,0.07022760855874355
5060-TQUQN,0.029096590536632494,0.07022185881961351
8626-XHBIE,0.021199662691760435,0.07017666269611877
9971-ZWPBF,0.03227813359657561,0.07007878598917061
0134-XWXCE,0.029684612864144033,0.07005717151831936
8591-TKMZH,0.014383901020826984,0.07000602095091235
7297-DVYGA,0.03489916303500207,0.0699988856429078
4430-YHXGG,0.037995344858256064,0.06993431273016615
5898-IGSLP,0.027750374243939446,0.06986765781459736
0621-JFHOL,0.037788253932951044,0.06981716699129548
9103-CXVOK,0.039652366976148046,0.06976332400086305
5198-HQAEN,0.03251147935531906,0.06972092164979904
3709-OIJEA,0.034311636786910515,0.0697108433591489
2612-PHGOX,0.04541728691438818,0.06967545130265507
4891-NLUBA,0.022013908324064246,0.06956938977524652
4737-HOBAX,0.03457661193061645,0.069530477424951
8316-BBQAY,0.05448109851764693,0.06944144817912079
6994-ORCWG,0.03548890179420139,0.0694032332650314
5575-GNVDE,0.03190494559585855,0.06928449566600492
2144-BFDSO,0.03455080946281841,0.06926527355010148
2055-BFOCC,0.03443655832548509,0.0692540120929458
7740-BTPUX,0.025652607325317045,0.06925375096353192
9046-JBFWA,0.034865210592518237,0.06924506515463891
7636-XUHWW,0.03842896022339937,0.06922652663772444
1548-ARAGG,0.03758849535186548,0.06919798014755552
9251-WNSOD,0.06915048965271231,0.06915048965271231
6120-RJKLU,0.027755171766716713,0.06912563684172868
7139-JZFVG,0.017318274411815437,0.06910933767982441
4859-ZSRDZ,0.013540132154386764,0.06910649937422642
1976-AZZPJ,0.03763719946664379,0.06906018645559475
8883-ANODQ,0.06903333642559983,0.06903333642559983
8946-BFWSG,0.03431281057434932,0.069009699486558
6916-HIJSE,0.05409553666987754,0.06895392869136108
7661-CPURM,0.03645343039299409,0.06879420642111111
6368-NWMCE,0.03436032450631499,0.06878778885165238
5014-WUQMG,0.030061231823326984,0.06866535763745096
8727-XDPUD,0.0363194112933477,0.06863578850717056
2746-DIJLO,0.030508168938999547,0.06863531778684062
6906-MPARY,0.031084581897268926,0.06862944521667325
1891-QRQSA,0.044706902541853166,0.06859949001905663
4692-NNQRU,0.03399821584507723,0.06859632909995328
7432-FFVAR,0.02843197437812217,0.06859108352628918
9758-MFWGD,0.03267522625237074,0.06859001451046332
2242-MFOTG,0.03001020418359035,0.06856244837479264
5791-KAJFD,0.020696473878484167,0.06855250636053878
4672-FOTSD,0.03715401302203336,0.06855143523516416
9661-JALZV,0.013422301934681191,0.06852226938184591
8751-EDEKA,0.032457056053468825,0.06845532741943183
5372-FBKBN,0.033883587988004504,0.06836925250515857
8735-NBLWT,0.038070530636997724,0.06835441413813026
2558-BUOZZ,0.02991174803087482,0.06833079644687545
3097-IDVPU,0.03618857141923193,0.06830284332476633
2578-JQPHZ,0.02890981750645738,0.06826637867180363
9640-ZSLDC,0.03554974505312125,0.06823556646905315
7596-LDUXP,0.03689765656846444,0.06808623340770292
9927-DSWDF,0.03210753740963501,0.0680261940539777
4293-ETKAP,0.05335366050578583,0.0680157122888918
8221-EQDGL,0.03170063121035127,0.06801526820536341
8414-OOEEL,0.06800757848576111,0.06800757848576111
7519-JTWQH,0.06796632862515084,0.06796632862515084
3259-QMXUN,0.013308325867028015,0.06795686676384205
8746-OQQRW,0.036883231438703534,0.06792092225082025
7560-QRBXH,0.0323291943577646,0.06787722749234182
5285-MVEHD,0.02047642181717546,0.06784160966270347
5206-HPJKM,0.03329870402212398,0.06783690146235322
3638-WEABW,0.013275999348278056,0.06779645359572084
0463-WZZKO,0.03675397881268061,0.06778497216325696
7416-CKTEP,0.017685706991931283,0.06771478548303955
2560-WBWXF,0.06771195738105362,0.06771195738105362
8739-QOTTN,0.03757367571637882,0.06771034618156757
9512-PHSMG,0.03660765444668612,0.06767169442874388
3948-FVVRP,0.03766154413349532,0.06763172255861194
5176-LMJXE,0.029582829576685454,0.06759439915551779
5574-NXZIU,0.03358965693441618,0.06758133618147044
6806-YDEUL,0.03653581840603426,0.06746872134089443
5686-CMAWK,0.033100471407617404,0.06744035609723131
6147-CBCRA,0.029463364756420085,0.06733794801804527
2162-FRZAA,0.03345414316409934,0.06731354654541666
5712-VBOXD,0.03653697337779205,0.06729363640757136
0409-WTMPL,0.013169007232094798,0.06726536955918161
1428-IEDPR,0.03832730623286362,0.067225918414061
2195-VVRJF,0.033652596001079615,0.06719016465293537
4828-FAZPK,0.035704169769618876,0.0671801285514424
6981-TDRFT,0.028436919791639537,0.0671723743087419
6732-FZUGP,0.029387658363370095,0.0671572841069783
2546-KZAAT,0.03824632192563737,0.06708603758735232
6933-FHBZC,0.03298919869524497,0.06707226328207794
9817-APLHW,0.03631535781754447,0.06702915166855816
5356-KZCKT,0.01310623721228088,0.06695367975025712
5995-LFTLE,0.013105938147543461,0.0669521945173498
0106-GHRQR,0.03553954402757764,0.0668754908625604
3190-FZATL,0.03415254735114415,0.06683482589889356
3466-RITXD,0.032857686287007026,0.06680965344203005
1814-DKOLC,0.03475489682013855,0.06680646172178761
6583-SZVGP,0.03176647678725131,0.06671747220596136
5278-PNYOX,0.03039120606476664,0.06655054899832447
1174-FGIFN,0.0315330116071143,0.06654228467491874
7629-WFGLW,0.020072418221751986,0.06653544568161018
2451-YMUXS,0.06650450850819667,0.06650450850819667
8800-ZKRFW,0.02751438930517003,0.06648133913571797
4644-OBGFZ,0.024598742617195413,0.06647091197243693
2621-UDNLU,0.03593560628836168,0.06629983333171119
0181-RITDD,0.026559288905647738,0.06620904545668871
5701-SVCWR,0.03757665495756424,0.066166559835385
2080-SRCDE,0.037575260401721655,0.06616414131374682
4237-CLSMM,0.036699685063030674,0.06615984826209198
6549-YMFAW,0.03682468143626072,0.06615217174360621
1764-VUUMT,0.06613469066641964,0.06613469066641964
7787-BNTZM,0.03579791062645443,0.0661278651365571
3675-EQOZA,0.034389772695998744,0.06611634174662684
6848-HJTXY,0.043056538269427125,0.06609810726644105
8347-GDTMP,0.043056538269427125,0.06609810726644105
7595-EHCDL,0.02712356302508523,0.06603487160623123
8990-YOZLV,0.06602666266325796,0.06602666266325796
5451-MHQOF,0.01991133092657127,0.06601428246067753
4713-ZBURT,0.029518093146347346,0.06594942276856242
4785-NKHCX,0.03428135884710426,0.06591138109121275
9060-HJJRW,0.03282501894470491,0.06591113482543376
9842-EFSYY,0.03576875568464477,0.06590122101153506
7976-CICYS,0.03568579526968041,0.06575079513820992
2202-OUTMO,0.03021802123102746,0.06568941869260281
0701-TJSEF,0.03654962428569952,0.06566564664831154
4189-NAKJS,0.03218827454304862,0.06547235013972741
6092-QZVPP,0.03353742475256172,0.06545976689390143
7136-IHZJA,0.029609027841967728,0.06543291218975533
3654-ARMGP,0.020658640639027892,0.06538617283275872
9578-FOMUK,0.03240320367686467,0.06536053137587627
5092-STPKP,0.032971834625286744,0.06535827285403895
5944-UGLLK,0.034020352683115984,0.06534842831935872
8259-NFJTV,0.035571933324666016,0.06533013478885086
3842-QTGDL,0.03467986647926202,0.06528389816580349
7814-LEEVE,0.03693894066643011,0.06506030995257217
6370-ZVHDV,0.020529709468138035,0.06498753334486251
6568-POCUI,0.029052843462981315,0.06492950489246896
7641-TQFHN,0.029669357202957047,0.0648966843795723
8464-EETCQ,0.016889587963392128,0.06474229441316537
7493-GVFIO,0.01688879603842597,0.064739334068602
5141-ZUVBH,0.036023624505877705,0.06473493177133782
7123-WQUHX,0.032299010984169985,0.06473152520061298
3694-GLTJM,0.033626462465922935,0.06467280652339058
6229-UOLQL,0.019493886936281513,0.06466277718917735
1661-CZBAU,0.030723042984523663,0.06456493345220393
4472-VESGY,0.0367465837683707,0.06449394036892298
2040-OBMLJ,0.02555894615881149,0.06446251344120657
8910-ICHIU,0.02668370055317082,0.06445681185853391
9129-UXERG,0.03224269478418873,0.0644228012666177
7107-UBYKY,0.02998718992318261,0.06440539402867529
1217-VASWC,0.02727995153462881,0.06435180719590794
0731-EBJQB,0.036646686495843905,0.06432116926171061
5702-SKUOB,0.034891885484567564,0.06431068781266214
9138-EFSMO,0.031589402162205515,0.06427512655838907
9677-AVKED,0.03345164771927689,0.06427373382389312
6050-FFXES,0.06402886250523154,0.06402886250523154
7459-IMVYU,0.03193377317962198,0.06401187168580891
5397-NSKQG,0.06397427301131298,0.06397427301131298
2632-TACXW,0.0256114075989462,0.06389335928009765
1591-MQJTP,0.031792853414709055,0.0638735186586118
2639-UGMAZ,0.06385490746276012,0.06385490746276012
2296-DKZFP,0.050029753424052914,0.0638095524901321
9359-JANWS,0.049952402329265566,0.06371162042043643
3166-PNEOF,0.020106843875593916,0.06367925945386932
2220-IAHLS,0.03613337942151684,0.06366206949382469
2576-HXMPA,0.03613323563304027,0.06366181983303976
8562-GHPPI,0.036132995986826844,0.06366140373383267
2542-HYGIQ,0.0361328521998473,0.06366115407556905
3090-QFUVD,0.03613251669907824,0.06366057154329718
8165-CBKXO,0.06363466528412787,0.06363466528412787
6258-NGCNG,0.03463396563679633,0.06363379829609572
2511-MORQY,0.03166773208393725,0.06358242804793379
1241-EZFMJ,0.020047775095044296,0.06349641006905993
6778-JFCMK,0.032016366225819604,0.06349561791951941
1222-KJNZD,0.028713663335584783,0.06349029144485152
1760-CAZHT,0.030776706897618356,0.06346661830004541
7175-NTIXE,0.03075950603596811,0.06343175510091226
5590-ZSKRV,0.0338770411939705,0.06340303214499776
4598-ZADCK,0.03298840297443939,0.0633978846098966
2257-BOVXD,0.03232060825400074,0.06330820462477005
6614-YWYSC,0.019984025962465846,0.06329904480367021
5153-LXKDT,0.06326937076350236,0.06326937076350236
7266-GSSJX,0.03526218526408087,0.06321742975476596
6231-WFGFH,0.034289333728174,0.06321700358860549
8046-DNVTL,0.02530631696596708,0.06314727817496613
5120-ZBLAI,0.031386300886068974,0.06302675244500366
5310-NOOVA,0.026024550612600783,0.06289524711436223
4747-LCAQL,0.030485017080055687,0.06287532113882255
8028-PNXHQ,0.025167227922509694,0.06280702439039165
0564-MUUQK,0.03270669894111422,0.06279513009282811
5229-DTFYB,0.02785205016621528,0.06276904042687426
3274-NSDWE,0.06273060237066863,0.06273060237066863
7695-PKLCZ,0.06272912559533483,0.06272912559533483
0603-TPMIB,0.012846952808463152,0.06271866093419942
2773-OVBPK,0.0627151809823897,0.0627151809823897
0621-CXBKL,0.03262435783914586,0.06270930995895418
9504-YAZWB,0.03262301388741495,0.06270676747862525
3736-BLEPA,0.029673233601613558,0.06268563657509552
6598-KELSS,0.031198284563623724,0.06265542739262298
1465-LNTLJ,0.03344379322281221,0.06260460956852343
0384-RVBPI,0.03259450597576963,0.06258311787340931
2065-MMKGR,0.028660277923234223,0.06257977081059829
3410-MHHUM,0.026411619082708615,0.062478531646560365
6504-VBLFL,0.023081793073986945,0.062455940060043624
8663-UPDGF,0.030657937880597674,0.06241143430488849
9837-FWLCH,0.033761635133111145,0.06238662011304552
6695-FRVEC,0.062384952894710466,0.062384952894710466
8044-BGWPI,0.033759886458695876,0.06238343743064645
3902-MIVLE,0.030953578748793342,0.06236510249967908
1498-DQNRX,0.02854472672485775,0.062331925378941055
4521-WFJAI,0.018765854699638318,0.06230241934646663
2806-MLNTI,0.03547540382027814,0.0622944068605682
8727-JQFHV,0.016221545061311238,0.06224255753812624
7926-IJOOU,0.03529203922265667,0.06220074364569894
9708-KFDBY,0.03529086838847273,0.06219870932147675
2700-LUEVA,0.03529068105854183,0.06219838383556886
9972-EWRJS,0.062130540810508283,0.062130540810508283
9888-ZCUMM,0.04043839214379408,0.06212499838390595
7727-SHVZV,0.03454035448524129,0.062108148543274955
2791-SFVEW,0.03453975838087975,0.06210709220872945
8401-EMUWF,0.024685937720436257,0.06192672855266923
7706-YLMQA,0.0618901871586337,0.0618901871586337
3584-WKTTW,0.03064681092815258,0.06160844038874602
8970-ANWXO,0.030364736640243972,0.061437871465617744
9993-LHIEB,0.061422181454050206,0.061422181454050206
4578-PHJYZ,0.03494797176308717,0.06138112197592882
3967-VQOGC,0.061337185665211735,0.061337185665211735
3719-TDVQB,0.025585502645478653,0.061331363861572674
3442-ZHHCC,0.06129868319090814,0.06129868319090814
8681-ICONS,0.028050260957546813,0.06127094011177814
4501-UYKBC,0.025332453007994027,0.061253962071980306
2061-VVFST,0.03234146307522823,0.0612325283590055
9962-BFPDU,0.03471893657444314,0.06120474548373056
2045-BMBTJ,0.026666838022252115,0.0610615101660309
6718-BDGHG,0.02584139297389665,0.061020675121218115
6734-JDTTV,0.04776213394194362,0.060937640858033326
4123-FCVCB,0.03296577271350243,0.060937586106150854
1784-EZDKJ,0.03028121095057057,0.0608852679240951
3884-UEBXB,0.060875518506559145,0.060875518506559145
0661-KBKPA,0.031570223899886174,0.060714071703571126
1409-PHXTF,0.025311513177581513,0.06068669820999251
1744-JHKYS,0.027866792258510853,0.06066593055100189
1877-HKBQX,0.03378245487848641,0.06060199547972889
8395-ETZKQ,0.06049705719095222,0.06049705719095222
5203-XEHAX,0.027775201473882682,0.06046994446697607
3472-OAOOR,0.03197129938866117,0.06046228673578469
6217-TOWGS,0.0295790307322622,0.06038149192579134
9256-JTBNZ,0.03364119485624295,0.060352145682601166
4884-TVUQF,0.01571096767299951,0.06032868225904242
0727-BNRLG,0.0602800060418891,0.0602800060418891
4682-BLBUC,0.025417479863569237,0.06016946641528764
2144-ESWKO,0.025470135639850344,0.06015986724814881
4323-OHFOW,0.06012148440636733,0.06012148440636733
9909-IDLEK,0.03127697935815488,0.06009162569704107
9504-DSHWM,0.031245737435066534,0.06003250694083262
1599-EAHXY,0.01498848223899707,0.06002903788153524
7140-ADSMJ,0.03202791557989171,0.0599930735192139
0536-BGFMZ,0.02836526518685034,0.059968190807660804
1335-MXCSE,0.022141633835957575,0.05996206291182116
8060-HIWJJ,0.03900625580844108,0.05994914955116604
2277-BKJKN,0.05992378773136309,0.05992378773136309
6265-SXWBU,0.05988551595644653,0.05988551595644653
2085-JVGAD,0.03158616371629619,0.059823683580224496
3373-YZZYM,0.03391062373214515,0.059799182657698235
0247-SLUJI,0.03391017340181901,0.05979839932701336
5696-CEIQJ,0.05976171475247738,0.05976171475247738
1468-DEFNC,0.038880353920521915,0.05975778052787539
1309-XGFSN,0.0339419308721185,0.05963801224178167
3039-MJSLN,0.03224775075648323,0.05959362884142261
2882-DDZPG,0.032208124877452726,0.059557159182108355
9786-YWNHU,0.029524108316084985,0.059530259779986605
8561-NMTBD,0.05942671225848595,0.05942671225848595
4717-GHADL,0.029546916963899217,0.059390814703523365
8085-MSNLK,0.023768809684200698,0.059381902234762585
1385-TQOZW,0.03298462086005416,0.05934946066825142
2108-GLPQB,0.028738615121119748,0.059331028544570175
6016-LVTJQ,0.027241348213042693,0.05932715828545343
1830-IPXVJ,0.01865472386183431,0.059177014131665984
0953-LGOVU,0.03199896728231366,0.059175909363109236
5562-YJQGT,0.03276719954085716,0.059168984759292
0679-TDGAK,0.029393749239217115,0.05908772174839394
8917-SZTTJ,0.014734770887823379,0.05903617721214316
7663-CUXZB,0.012063717661325968,0.05898745310365794
8466-PZBLH,0.05897877012617736,0.05897877012617736
2188-SXWVT,0.027060765333399406,0.05894042340398675
2585-KTFRE,0.03338451469208692,0.058883842063731984
8859-YSTWS,0.027967941242452943,0.058868638311517785
7956-XQWGU,0.029495198007978396,0.05874339568776843
8097-OMULG,0.012012406159665368,0.05874259896992917
8331-ZXFOE,0.011452899359581603,0.05871347754937828
1498-NHTLT,0.012005093188605986,0.05870769794102104
3537-RYBHH,0.02561848275084433,0.058692701184961615
2589-AYCRP,0.029190199310585863,0.05868485386361444
0774-IFUVM,0.03267492413932038,0.05864227858809745
0824-VWDPO,0.026159302163808573,0.05857228093296962
2085-BOJKI,0.028643991186248496,0.05850253674687933
6345-FZOQH,0.058340902379424464,0.058340902379424464
8123-QBNAZ,0.029834799624470776,0.058340792698524546
9337-SRRNI,0.058305636359818225,0.058305636359818225
5640-CAXOA,0.02404409524856388,0.05824584909853381
7826-VVKWT,0.02931527750514984,0.05821982234653311
6603-QWSPR,0.02399762968867336,0.058083655644851295
5269-NRGDP,0.02310812073038726,0.05804061402441407
4480-MBMLB,0.029653165391465897,0.0579908780048799
5893-PYOLZ,0.017436485850455097,0.05798162699629161
4808-YNLEU,0.02694647092282898,0.0579805650396511
4803-LBYPN,0.0266040099276168,0.057961850475642396
3696-DFHHB,0.05786619903341672,0.05786619903341672
4119-ZYPZY,0.05785499219309065,0.05785499219309065
7710-JSYOA,0.05784558678819862,0.05784558678819862
8434-VGEQQ,0.018216077291961952,0.05781406882159734
8439-LTUGF,0.031178177703207077,0.057775089558037895
5614-DNZCE,0.011259267497370495,0.0577445786522961
1735-XMJVH,0.030773037698130112,0.05767561822781564
7032-LMBHI,0.030434673146327196,0.05767388099015969
3090-LETTY,0.03189994567587262,0.05762406540842224
0691-NIKRI,0.025998453081377715,0.057585542962323544
2038-YSEZE,0.026314641367054192,0.057541561297169586
2799-TSLAG,0.04507649275918213,0.057533790899042314
9253-VIFJQ,0.045069411989408614,0.05752481294520151
2432-TFSMK,0.02872493394936515,0.057499964505976275
7251-LJBQN,0.02591724278449148,0.05740861773378736
9844-FELAJ,0.05740695333770207,0.05740695333770207
1202-KKGFU,0.031012721678386312,0.05737722133924594
1552-TKMXS,0.02283215924299964,0.057359923947395086
5345-BMKWB,0.030582329091814242,0.05732318897409472
5985-TBABQ,0.023465564470993905,0.057286104580582364
8089-UZWLX,0.057255154108824535,0.057255154108824535
8361-LBRDI,0.011153889366851355,0.05721694631074625
7343-EOBEU,0.030885177823843035,0.057110185624323795
6621-NRZAK,0.028295884000327565,0.05709101870543121
2056-EVGZL,0.05708651895651928,0.05708651895651928
6762-QVYJO,0.011112157796332678,0.05700792862478998
0771-CHWSK,0.057005126971127806,0.057005126971127806
4102-HLENU,0.05694712355139153,0.05694712355139153
1241-FPMOF,0.03236965309471185,0.05691097694763525
0508-SQWPL,0.014793891257931735,0.05688375389766376
0885-HMGPY,0.022742038287633548,0.05686221773603406
7064-JHXCE,0.02273106025181615,0.05683525565920433
2236-HILPA,0.022730695912437815,0.056834360832977326
9027-YFHQJ,0.0308724428603252,0.05681666403293528
7130-CTCUS,0.03008713300607957,0.05675906248552287
4676-WLUHT,0.023617522788971,0.0566951292853497
8313-AFGBW,0.024716823687965794,0.056661338125600036
6016-NXBNJ,0.02628405691244351,0.05657776441983853
5821-MMEIL,0.014701892600364141,0.05653764900659375
3694-DELSO,0.030596537668788115,0.056501260329430925
6242-FEGFD,0.05648516140812199,0.05648516140812199
5529-GIBVH,0.02461756540926241,0.056437564688913366
3612-YUNGG,0.03666605057408179,0.05638980338090749
5025-GOOKI,0.029309676276443763,0.05636538428450755
7706-DZNKK,0.03137632697914483,0.05634213789564135
6549-BTYPG,0.014047100027885895,0.05634109496531159
2474-LCNUE,0.0278004203765414,0.056326750006309156
3392-EHMNK,0.056254036015011555,0.056254036015011555
8738-JOKAR,0.022384073569711394,0.05625403225600112
9073-ZZIAY,0.0224943509603599,0.056253783372653965
2877-VDUER,0.02611165040803687,0.05621247169490717
9618-LFJRU,0.030422336459491994,0.056183905090997355
3585-YNADK,0.014597234485062671,0.05614380329675284
7718-UPSKJ,0.05606626389250313,0.05606626389250313
4186-ZBUEW,0.028590560937695852,0.05594249954270525
0577-WHMEV,0.029625859158797008,0.05590082485150005
8461-EFQYM,0.027815681857069285,0.05587819558758944
7244-QWYHG,0.027761473636401135,0.05585463084526365
7233-PAHHL,0.05579103855070111,0.05579103855070111
1140-UKVZG,0.02728231153540761,0.055762774305357254
3850-OKINF,0.05570004362810321,0.05570004362810321
7785-RDVIG,0.030107446486936307,0.05569131267896876
1465-WCZVT,0.030107166055945545,0.05569080088841283
8404-VIOMB,0.0556850183350327,0.0556850183350327
8735-DCXNF,0.030020245492563102,0.05565814026888738
7446-YPODE,0.030984390175592846,0.05564742316575422
3752-CQSJI,0.028587604156553037,0.055610342765459064
4097-YODCF,0.025499991826929302,0.05559424978958827
1755-RMCXH,0.030748075828203825,0.055570355164699325
1821-BUCWY,0.022890580868881294,0.055498873037074126
8129-GMVGI,0.016667313736642098,0.05547521439269609
5294-IMHHT,0.028801812495786616,0.055464236815616186
8701-DGLVH,0.027536492595331308,0.05544701452694256
4135-FRWKJ,0.020424613299637517,0.05539656158784767
7105-MXJLL,0.027145158701057936,0.05536575181895664
8071-SBTRN,0.05528244895195589,0.05528244895195589
4778-IZARL,0.027296676792542884,0.055104218126664106
8780-RSYYU,0.026652833962395373,0.05508879697983193
8457-XIGKN,0.02862424371386163,0.05506542857848551
3482-ABPKK,0.026001676199302826,0.055046908890806656
3758-CKOQL,0.011231826895716779,0.05501144826185733
0265-PSUAE,0.029113126695089475,0.054946407152417165
4378-MYPGO,0.054907580920572574,0.054907580920572574
8261-GWDBQ,0.013677557432741905,0.054890395159561844
1222-LRYKO,0.029600638119280265,0.05483125699220992
3727-OVPRY,0.05482538648502866,0.05482538648502866
9297-FVVDH,0.014237318206251293,0.054788443518279384
8845-LWKGE,0.022574749191964005,0.05474592282763946
2088-IEBAU,0.054730453313507677,0.054730453313507677
5732-IKGQH,0.031098000914997037,0.05470282922894987
5913-INRQV,0.025050949993995597,0.054630333339386605
2001-MCUUW,0.022524256040010626,0.05457690654549241
4198-VFOEA,0.029464064789592848,0.05454958663120035
5795-BKOYE,0.05451250838260813,0.05451250838260813
1697-NVVGY,0.02877919208389723,0.054506745450475846
3179-GBRWV,0.026909857391705483,0.05450091535874202
9541-PWTWO,0.03096089806786162,0.05446462315830225
9142-XMYJH,0.024878622920194937,0.05444979518253934
6352-GIGGQ,0.05444329689230498,0.05444329689230498
4377-VDHYI,0.022272684923831054,0.054422573367000626
4291-HYEBC,0.025699910777317814,0.054417607141429514
0594-UFTUL,0.027919780956225715,0.05432915060758048
4667-QONEA,0.013534459298094048,0.054328187429448116
7190-XHTWJ,0.02702384266757285,0.05431011803358721
5380-XPJNZ,0.027023302432553353,0.05430904775476886
5499-ECUTN,0.023611400827314166,0.054167500078889486
4121-AGSIN,0.01053837842570271,0.05413027808104498
4616-ULAOA,0.04238225046546018,0.054116300099322334
6726-WEXXK,0.027100562649949755,0.05404121304271903
7219-TLZHO,0.02922824504042376,0.05400720236795442
7299-GNVPL,0.026635788373628566,0.05400073018136087
9970-QBCDA,0.029141754990064883,0.053992265694134955
1925-GMVBW,0.027991367770092035,0.05398229894650852
2073-QBVBI,0.02388377781485229,0.05396601260110656
4003-OCTMP,0.02131222704849245,0.053933436351270236
1397-XKKWR,0.029274776046290807,0.053914218676926584
1755-FZQEC,0.024554144320309113,0.05387909071327468
7159-FVYPK,0.02909589655237732,0.05384437806458253
2007-QVGAW,0.05384036570847772,0.05384036570847772
6897-RWMUB,0.016930347169490267,0.05381123576596758
6383-ZTSIW,0.02451309241944266,0.053790381779512786
0455-ENTCR,0.05376078497192305,0.05376078497192305
5321-NTRKC,0.05371072020374834,0.05371072020374834
8213-TAZPM,0.05368990396153028,0.05368990396153028
3308-JSGML,0.0109529658837062,0.05367563292409927
3057-VJJQE,0.02489896764435251,0.05364088631532027
8069-RHUXK,0.053416687003727925,0.053416687003727925
1265-ZFOSD,0.0347005724586259,0.05339669778167355
3272-VUHPV,0.02845298991867551,0.053383932268582734
4781-ZXYGU,0.030226908985292456,0.053381900847436325
4827-LTQRJ,0.05336713814198368,0.05336713814198368
1049-FYSYG,0.026054260847010458,0.053288343288362516
8383-SGHJU,0.02313059306124554,0.053090436910358973
0902-RFHOF,0.026391066413178232,0.053056079582980975
0621-TSSMU,0.015912749183309316,0.053011833697325206
8263-OKETD,0.02753203173178731,0.05299219448228176
4837-PZTIC,0.02305163846949765,0.05290324025028681
6854-EXGSF,0.028192459127867386,0.052901418414532664
4445-KWOKW,0.021017920578157323,0.052877441703299666
4712-UYOOI,0.02742146776272303,0.05278219882665014
0620-XEFWH,0.02854674146463121,0.05276384656617816
2159-TURXX,0.02733720329751399,0.052737419974655975
4976-LNFVV,0.027828849872872152,0.052730202194621545
8111-BKVDS,0.028417020558017536,0.05272343189262052
7868-BGSZA,0.02226850678286174,0.05271734907524994
4801-KFYKL,0.028092987902965882,0.052717162836923404
6701-DHKWQ,0.01657675287364324,0.05270834142330916
1022-RKXDR,0.023316038554897278,0.052702768581456616
9411-TPQQV,0.023757807705915512,0.05269728651966932
5651-CRHKQ,0.023303235136214462,0.05267426946258991
3022-BEXHZ,0.05266194521751477,0.05266194521751477
5774-QPLTF,0.026150592756866264,0.052658369877748634
7758-UJWYS,0.02412749059258379,0.05264633371441085
2181-TIDSV,0.05259714639498603,0.05259714639498603
7599-NTMDP,0.020990433307073175,0.05255435217763349
7208-PSIHR,0.05252266246507764,0.05252266246507764
1839-UMACK,0.020857939573461715,0.052481551409549576
6439-LAJXL,0.029090975138250652,0.05242905406122844
0017-DINOC,0.021785772996110286,0.05236770470400731
5320-BRKGK,0.01017364215056571,0.052297339021015854
6198-PNNSZ,0.015676993524966543,0.052241248255767814
9110-HSGTV,0.05222580839428659,0.05222580839428659
9560-BBZXK,0.02660966095424444,0.05211803330324882
0531-XBKMM,0.05208364055084491,0.05208364055084491
3635-JBPSG,0.025702527697611277,0.05203030867453817
4054-CUMIA,0.02592191599756699,0.05196516284383679
3077-RSNTJ,0.027997496549504453,0.05189866523008668
6164-HXUGH,0.027997384665028657,0.05189846041415902
7445-WMRBW,0.024589272883828506,0.051857948928223596
4176-RELJR,0.051856970908722655,0.051856970908722655
0787-LHDYT,0.027452402470637183,0.051851919407265634
0980-FEXWF,0.025389528825259466,0.05183421631266205
5231-FIQPA,0.022923443348867645,0.05182867121760737
3474-BAFSJ,0.01344843031270515,0.051812602722903334
6635-CPNUN,0.024447380360852033,0.051803184934996804
5981-ZVXOT,0.024001660759187304,0.05173563469599396
0487-VVUVK,0.025005595116474155,0.051731448952373915
8409-WQJUX,0.024998588980160386,0.0517171559684696
4282-MSACW,0.05169197806185255,0.05169197806185255
5947-SGKCL,0.02551736895110568,0.0516605824495
9518-IMLHK,0.020391351370434685,0.051640757305123075
8220-OCUFY,0.025469856512965627,0.05162414945584004
6878-GGDWG,0.021080449773914767,0.051555402601665246
1852-XEMDW,0.024196720364129565,0.05150425851058804
0862-PRCBS,0.05132572092201293,0.05132572092201293
7654-YWJUF,0.021649158390284917,0.05127364962986514
2805-EDJPQ,0.015355493659037767,0.0511896884588513
4365-MSDYN,0.02725624858692588,0.05116655600173081
8932-CZHRQ,0.051151990383861534,0.051151990383861534
0657-DOGUM,0.02424914669946321,0.051150656857614885
5306-BVTKJ,0.02423403339818142,0.05111922224554555
4381-MHQDC,0.02226017904358779,0.05111403186705965
2933-XEUJM,0.021071938961664483,0.051112694776034306
6421-SZVEM,0.02411495758648352,0.05110866661846769
0795-GMVQO,0.051059271915505855,0.051059271915505855
1430-SFQSA,0.02327041520178197,0.05098069082614698
3701-SFMUH,0.02765931541977984,0.05097524178261137
8232-UTFOZ,0.05094891396221091,0.05094891396221091
0076-LVEPS,0.023230928340372325,0.05089542484967313
3800-LYTRK,0.025890000892568432,0.050876395342745906
8041-TMEID,0.02515210462378037,0.05083277451815449
7361-YPXFS,0.02398099782254015,0.05082871269103317
6322-HRPFA,0.023096875682381612,0.050807969735580105
5018-LXQQG,0.020924384069485158,0.05080561015867857
7515-LODFU,0.050788415944019505,0.050788415944019505
5149-TGWDZ,0.025033656496888934,0.0507518444269176
6509-TSGWN,0.02673371111406142,0.050748332922748496
9987-LUTYD,0.02604295372176968,0.05072394692381621
6036-TTFYU,0.026839034629463243,0.05070778817281241
3724-UCSHY,0.027342935821455194,0.050700071495211385
1257-SXUXQ,0.026263259092082825,0.05069196386619501
1352-VHKAJ,0.025387691290450043,0.05067049788879985
0257-KXZGU,0.020711093747544096,0.05066609683998757
7328-ZJAJO,0.010324415506152596,0.05065917358068206
5774-XZTQC,0.027438149968011194,0.05057255058553034
3012-VFFMN,0.027438003726920845,0.05057228428806915
6119-SPUDB,0.02081901938825559,0.05050863606826772
4671-VJLCL,0.024977577305124732,0.05048472657622338
7711-YIJWC,0.01586300861392098,0.05047939810392588
2303-PJYHN,0.027886686365901303,0.05045990356104402
7017-VFULY,0.027886500619420662,0.05045957141100754
2649-HWLYB,0.039496010584549546,0.050452233481298014
2348-KCJLT,0.021248152221664873,0.05044923978038984
0114-RSRRW,0.02716626586931381,0.050430964014474
9571-EDEBV,0.05041337278422542,0.05041337278422542
5313-FPXWG,0.02495744961366464,0.05032241342455179
0771-WLCLA,0.026625845756452327,0.050309967141399126
1179-INLAT,0.027161880017015805,0.050308475254970175
5311-IHLEI,0.02709522422004418,0.050216760743349576
6202-JVYEU,0.027846318947301385,0.05021201992604574
5832-TRLPB,0.022892819062841574,0.05016515588578141
5346-BZCHP,0.05012995726246938,0.05012995726246938
5095-ETBRJ,0.018418655962967545,0.05004490192337274
3572-UUHRS,0.022290338454681646,0.050034251600946544
4134-BSXLX,0.023585709116017872,0.05000236675436498
6651-RLGGM,0.049999521894547594,0.049999521894547594
4530-NDRKU,0.019846339609331687,0.049975904613130395
1986-PHGZF,0.024846005758813128,0.04983631379740927
5716-EZXZN,0.038974652079872274,0.04979003696991946
1159-WFSGR,0.026298618199532164,0.0496991895200094
1794-SWWKL,0.02453072874716533,0.049689206351896664
3486-NPGST,0.02532948192258422,0.0496423480884457
6297-NOOPG,0.049591965485135336,0.049591965485135336
2146-EGVDT,0.010080912310458268,0.04948851784932484
0177-PXBAT,0.021529714634394348,0.04946922925850439
3813-DHBBB,0.0494598278477939,0.0494598278477939
4732-RRJZC,0.026796521030357345,0.049403844065270874
1085-LDWAM,0.049332403405594194,0.049332403405594194
9445-ZUEQE,0.024698601458391978,0.049312746415190456
5792-JALQC,0.027990914557234237,0.04929803866040605
1271-UODNO,0.022407341564565475,0.049233921969592975
8380-MQINP,0.018108699899280656,0.049216254505889956
5793-YOLJN,0.018108360470964202,0.04921534681367279
5795-KTGUD,0.049215242965209294,0.049215242965209294
4549-ZDQYY,0.027912763761124615,0.049161920848398655
3486-KHMLI,0.024228059156768955,0.04913974311671876
2890-WFBHU,0.009999937462260355,0.049098970685820476
9522-ZSINC,0.02511373507699055,0.048936504300422956
5693-PIPCS,0.021605123109643243,0.048890155532478774
9593-CVZKR,0.0146490205163754,0.048876069118010235
2789-CZANW,0.031709264500407675,0.04883493950912554
3957-HHLMR,0.0487811167995168,0.0487811167995168
5473-KHBPS,0.027657987431775166,0.04871810920865882
9795-NREXC,0.031610804795204395,0.0486846551690987
9715-WZCLW,0.04865281172677627,0.04865281172677627
3027-YNWZU,0.03156442308748997,0.04861385734361923
8630-QSGXK,0.024080793037940418,0.04857725865239604
3181-MIZBN,0.02568359171558976,0.04855072163566265
6648-INWPS,0.025683317689225715,0.04855020978581526
8626-PTQGE,0.04846418165342381,0.04846418165342381
2626-VEEWG,0.0483900623276996,0.0483900623276996
5396-IZEPB,0.026814558304283365,0.04837243001517055
2446-ZKVAF,0.024091686414504765,0.048342334287649114
2074-GUHPQ,0.023599103767258378,0.048331327815619995
9509-MPYOD,0.022390076488879807,0.04830853611258146
1293-HHSHJ,0.022389867108364547,0.04830809042059969
8417-GSODA,0.022775353523659447,0.0483071267188917
4770-QAZXN,0.024762112921442037,0.04825969241920669
6620-HVDUJ,0.0242360843163415,0.04825863479074288
7808-DVWEP,0.02604137794623107,0.0482570809996411
4568-KNYWR,0.027378340585574645,0.04823086945525923
7789-HKSBS,0.01914102760676617,0.04822652203777289
2040-LDIWQ,0.03774350837324403,0.04822591043577529
2428-ZMCTB,0.02594863572193573,0.048196719354967166
0380-ZCSBI,0.025948462711356757,0.04819640172119988
4302-ZYFEL,0.0481911148797195,0.0481911148797195
8883-GRDWQ,0.024971367344658546,0.048122868194981794
5055-BRMNE,0.04811795316299394,0.04811795316299394
2400-FEQME,0.017683060682621488,0.04807758455694833
2812-REYAT,0.021824370423068062,0.048046766461160906
3466-BYAVD,0.0236993789164347,0.04802648193355574
6741-QRLUP,0.023704659534408368,0.04794425849968409
2330-PQGDQ,0.023759825460045625,0.047937901438788955
7168-HDQHG,0.02443555148334664,0.047911713394802824
4849-PYRLQ,0.014354814071235511,0.04791140358070889
8652-YHIYU,0.025339411916901478,0.047907729648144826
3648-GZPHF,0.019554868009962978,0.04787900932142597
9432-RUVSL,0.022648920550514706,0.04781921899264885
9447-YPTBX,0.02371182521895132,0.047808954074828214
4329-YPDDQ,0.024795267435748114,0.04778755171517213
8319-QBEHW,0.023324460584506435,0.04767151254547897
8008-ESFLK,0.024689289313731044,0.0476391656899946
1929-ZCBHE,0.020718264989180724,0.04762277434175011
4114-QMKVN,0.014235640700296814,0.04752045288881601
8755-OGKNA,0.012295205367910067,0.04744984959957488
1399-OUPJN,0.012295122816159632,0.047449536764280875
7110-BDTWG,0.04742246275729156,0.04742246275729156
3401-URHDA,0.023499458498611348,0.04741909765257146
1080-BWSYE,0.030729291474496767,0.04733877702274725
8851-RAGOV,0.022832725265477527,0.047293245763759484
0052-DCKON,0.04728539536338838,0.04728539536338838
4881-GQJTW,0.024040249274870362,0.04728530385873808
2829-HYVZP,0.021554525487777254,0.0472715962840462
1866-ZSLJM,0.023291026362790013,0.047262856652919294
5176-OLSKT,0.0472331264640411,0.0472331264640411
1840-BIUOG,0.024480283323904284,0.04718763864728914
7550-WIQVA,0.023395460137094926,0.047178946019561296
9929-PLVPA,0.025475475921406643,0.04715110086878782
8680-CGLTP,0.0214793318605766,0.0471088745234316
9795-SHUHB,0.04709249147228678,0.04709249147228678
4656-CAURT,0.046977457669259315,0.046977457669259315
7138-GIRSH,0.02326664487835739,0.04692236297002039
0320-DWVTU,0.024303096236740207,0.04690272225028913
7954-MLBUN,0.018491663309879836,0.046900431206540305
7113-HIPFI,0.046894733820179835,0.046894733820179835
7795-CFOCW,0.02086990973863745,0.04688879674072999
2988-QRAJY,0.04685452972307946,0.04685452972307946
0536-ESJEP,0.019456270457233638,0.046847458995143754
6725-TPKJO,0.019696498917759486,0.04681681917305469
0080-EMYVY,0.023783279274048552,0.046785890662886964
5081-NWSUP,0.025179514870452224,0.046784184367948956
7311-MQJCH,0.024188356793834354,0.04673395929598323
1032-MAELW,0.04667963199430414,0.04667963199430414
3739-YBWAB,0.02376664066739065,0.04661569121675957
6893-ODYYE,0.02311239927479558,0.046615079651393
2450-ZKEED,0.025873211802080243,0.04656670241652894
0442-TDYUO,0.022042904644071437,0.04655595891340236
3251-YMVWZ,0.024034417287849386,0.046390206302790005
0305-SQECB,0.025772096806025102,0.046386662885089636
3387-PLKUI,0.02378812186121715,0.04638368837906548
5753-QQWPW,0.021856162961218506,0.046382250798859936
7531-GQHME,0.024996952072251943,0.046371105853825534
4816-OKWNX,0.022932391239384176,0.04625640931436947
7131-ZQZNK,0.01143130148809579,0.046036041863837474
7673-LPRNY,0.022656612625333805,0.0460312668843228
0454-OKRCT,0.019964088774115707,0.045920127687396395
8250-ZNGGW,0.02375724874173446,0.045910584857102976
8882-TLVRW,0.045895261535701115,0.045895261535701115
0023-UYUPN,0.022716792257668428,0.04582673258003356
9068-VPWQQ,0.01434102976721996,0.04571432493048044
2233-FAGXV,0.023650643046631448,0.04570692480822969
9602-WCXPI,0.022646917770753783,0.045687455444123226
4350-ZTLPI,0.023645130012883486,0.04564738664407231
7409-JURKQ,0.02364333070758995,0.045643952639280005
2675-IJRGJ,0.02362949437473094,0.04561754556100106
3205-MXZRA,0.022283411864817415,0.045569423875934545
2270-CHBFN,0.019161873736826318,0.04556338151092665
9498-FIMXL,0.024221484478396338,0.04553258858567377
3547-LQRIK,0.01979654177607648,0.0455322787222151
5924-IFQTT,0.023344034090719945,0.04552772639483582
1686-STUHN,0.018047781300631005,0.04551107300745094
6447-EGDIV,0.0179339563339459,0.04550602995087705
8871-JLMHM,0.045498834455762305,0.045498834455762305
4623-ZKHLY,0.021338644024780695,0.04549675864302394
2192-OZITF,0.02024160151588794,0.04549558514086438
6169-PGNCD,0.011778666728100573,0.04549089273984663
8404-VLQFB,0.022430064902042468,0.045484941446444105
3766-EJLFL,0.0454550207702632,0.0454550207702632
8474-UMLNT,0.02327343865391951,0.04539162154129628
7963-SHNDT,0.02571207544265275,0.04532540247400485
4295-YURET,0.013562510133304007,0.045310107413196854
7088-FBAWU,0.022094019852459068,0.04528590144332956
7228-PAQPD,0.02298792936546612,0.04523932746132264
1930-QPBVZ,0.04523044355885297,0.04523044355885297
2164-SOQXL,0.023428785972885002,0.045183642651572264
0519-DRGTI,0.02342859827808641,0.04518328475034683
7018-FPXHH,0.013516767738367297,0.04515977283482542
3785-KTYSH,0.0233221066951117,0.045030794543126085
8510-TMWYB,0.018686795234372666,0.045019864604781024
3824-RHKVR,0.02195655336086144,0.045007496973514804
5448-VWNAM,0.023696120203086646,0.044986017150354884
3948-KXDUF,0.04498570214732078,0.04498570214732078
7833-PKIHD,0.022273889776631917,0.044975107475447085
9800-OUIGR,0.04496352410461346,0.04496352410461346
6506-EYCNH,0.02115790054474298,0.0449186302792397
9955-QOPOY,0.04491471418954274,0.04491471418954274
4080-IIARD,0.023006818486599134,0.04487750343523855
6681-ZSEXG,0.013423732367698338,0.044853956091522984
9036-CSKBW,0.02221016606267745,0.04484794423557914
7102-JJVTX,0.02480676275272975,0.04478799795146837
8865-TNMNX,0.024085477884162265,0.04477323403815059
3021-VLNRJ,0.022169889075572713,0.04473634219056255
1060-ENTOF,0.04472012712254925,0.04472012712254925
6177-PEVRA,0.021153002296795842,0.04469931182405751
8879-ZKJOF,0.019677063887676427,0.04458329962935381
6476-EPYZR,0.0240131328584946,0.04456549141714139
9140-CZQZZ,0.044473565128800074,0.044473565128800074
8819-ZBYNA,0.008618617539639217,0.0444504502479216
9609-BENEA,0.020569390303620483,0.0444287010687916
3777-XROBG,0.008606602779927974,0.04438961783971351
3457-PQBYH,0.00860642909927356,0.04438873844728786
2346-LOCWC,0.008606382785021682,0.04438850394551441
3605-JISKB,0.016296774268086955,0.04436296211778468
3617-XLSGQ,0.04430787866800201,0.04430787866800201
0567-XRHCU,0.04430673727302392,0.04430673727302392
9531-NSBMR,0.022567785367369808,0.04429070710405336
1371-OJCEK,0.020952383228719507,0.04428048471604462
2324-AALNO,0.020952271182502535,0.044280250772816276
9473-CBZOP,0.020844658802080196,0.044261657565950796
5370-IIVVL,0.023274790830565273,0.04425372392986571
2739-CCZMB,0.02288585523402098,0.04424524791402862
7901-IIDQV,0.022179334689060082,0.04420996351204298
5384-ZTTWP,0.02179010859899566,0.04420224310659482
8387-UGUSU,0.021789963004036572,0.044201951182417876
5642-MHDQT,0.02286946688665281,0.04416646155165793
0608-JDVEC,0.02188044534902034,0.04415900551872309
4797-MIWUM,0.02387664728684813,0.044076965267277
0420-TXVSG,0.04407536363829734,0.04407536363829734
3727-OWVYD,0.0203964850698396,0.04405979909552127
1356-MKYSK,0.02371684294817633,0.04404736760365935
1936-UAFEH,0.04398084759458254,0.04398084759458254
8246-SHFGA,0.021440775422094993,0.04396254119412335
6131-IUNXN,0.02314530498459344,0.04395158198807925
5539-HIVAK,0.02068586905686165,0.04392853009382047
4627-MIHJH,0.04388518864297963,0.04388518864297963
7587-AOVVU,0.021946791948480704,0.04388092564356538
6870-ECSHE,0.024201576612326137,0.043859853583386066
3678-MNGZX,0.04385684722954675,0.04385684722954675
4815-TUMEQ,0.02357598549975548,0.04383605913646782
4318-RAJVY,0.023575670734309995,0.043835480015012696
3530-VWVGU,0.020528430840870526,0.04379003624049671
5871-DGTXZ,0.017856701708492517,0.0437767180572044
7427-AUFPY,0.018162959684032476,0.043774510531056854
7025-WCBNE,0.019019550168729138,0.04376800555290261
0377-JBKKT,0.020515862827496067,0.04376354870009225
9625-QNLUX,0.043745132843047485,0.043745132843047485
2724-FJDYW,0.019875392056745378,0.043739268563005806
8249-THVEC,0.021653942716553742,0.04373761113949315
4091-TVOCN,0.02069117963811018,0.04373503041521187
6339-TBELP,0.043690545615182264,0.043690545615182264
2725-IWWBA,0.017970256811918883,0.04368903374753308
5084-OOVCJ,0.02126891034538181,0.04361421452371417
8564-LDKFL,0.019589638176187307,0.043566472857752836
8902-ZEOVF,0.018897394732479866,0.04349046453203742
3597-YASZG,0.04344652775022595,0.04344652775022595
1708-PBBOA,0.01720757635794079,0.04342093559528637
2143-LJULT,0.04335747971124149,0.04335747971124149
2259-OUUSZ,0.02346721005759167,0.04332890362190145
7010-ZMVBF,0.0215639220276177,0.04332723893420998
7225-IILWY,0.04329125322251204,0.04329125322251204
9547-ITEFG,0.023962458349529925,0.043278878953714184
0206-TBWLC,0.017949512292899983,0.04326679099348174
8573-CGOCC,0.022840770465447746,0.04323358752332096
2361-FJWNO,0.019435464818966852,0.04322780601576759
3097-FQTVJ,0.019064635508588723,0.043212972676936356
8402-OOOHJ,0.019064303848859487,0.04321223027805232
7197-VOJMM,0.04320844068545737,0.04320844068545737
1047-RNXZV,0.01819562136826225,0.04319990396965723
0285-INHLN,0.02157036508934118,0.04313667713023406
7508-DQAKK,0.027964821397116757,0.04311363950039693
9351-LZYGF,0.017081407969480655,0.04310683209677002
6171-ZTVYB,0.018155535015680013,0.04310595461021571
0835-JKADZ,0.04306237483437514,0.04306237483437514
7923-IYJWY,0.04297538723469674,0.04297538723469674
8631-XVRZL,0.02379240920584491,0.042974801021953946
7905-NJMXS,0.023264037519368008,0.04295759678338773
4393-OBCRR,0.023139895087290974,0.04293550526128442
1038-RQOST,0.022602530031852086,0.042931721798129874
3533-UVMOM,0.04286932270622468,0.04286932270622468
5519-TEEUH,0.018619799982725338,0.04286674489971121
0815-MFZGM,0.01697582776359241,0.04284393580218615
5173-ZXXXL,0.023634900134283487,0.0428430931796836
3511-APPBJ,0.021019860658396894,0.042743223137082564
0757-WCUUZ,0.01769708466664688,0.04266614518602618
4188-PCPIG,0.01102266553286646,0.042618368824945074
9356-AXGMP,0.021131217962340076,0.04259932544634082
0308-GIQJT,0.04255108243802097,0.04255108243802097
2096-XOTMO,0.022468194465979585,0.042535683707123795
0106-UGRDO,0.04248234658688199,0.04248234658688199
2150-WLKUW,0.019082313381034277,0.042451800291141595
1810-BOHSY,0.020980017977094922,0.04239144019354846
3212-KXOCR,0.024006385150823872,0.04234716901183999
6061-GWWAV,0.01867726232115907,0.04234564128903828
7781-EWARA,0.04231284992180051,0.04231284992180051
4182-BGSIQ,0.022742698744364853,0.042302361149519796
4807-IZYOZ,0.020899850688963162,0.04223124094788011
6048-UWKAL,0.04223100800073465,0.04223100800073465
6000-UKLWI,0.018616765942139457,0.0422101494209941
9546-KDTRB,0.022190889303593142,0.042157912165554645
0822-QGCXA,0.021073111836647063,0.0421530892174089
4504-YOULA,0.019500826623974787,0.04214763006353728
5325-UWTWJ,0.01658143705377313,0.042119228793095265
6522-OIQSX,0.04208238046272361,0.04208238046272361
9894-QMIMJ,0.020685168515687802,0.042070149962118886
0230-WEQUW,0.042046011702330244,0.042046011702330244
1930-BZLHI,0.020662104730742703,0.041986957750144605
8109-YUOHE,0.020458335541931993,0.0419705002798787
9691-HKOVS,0.015400142496035607,0.04195547652102449
6837-BJYDQ,0.022597879425764078,0.041939866358405964
8909-BOLNL,0.0225969134931987,0.0419380915873645
2495-TTHBQ,0.02260276257566829,0.041887235017230684
5161-XEUVX,0.022014572429855606,0.041882207392349935
5546-QUERU,0.021453382254952746,0.041879330471781495
6518-PPLMZ,0.021671447586161685,0.0418769570716212
1154-HYWWO,0.020756872477579735,0.041852884262196244
6814-ZPWFQ,0.020693520257844766,0.0418188654774484
0956-SYCWG,0.021392314524886102,0.04176137348949216
2475-MROZF,0.01713875049232383,0.04173042339024835
9670-BPNXF,0.018543754570770843,0.04172506664352704
2325-WINES,0.017004875275767772,0.041714975562796575
8166-ORCHU,0.01808923659976014,0.04166010349444049
3181-VTHOE,0.04164571806733641,0.04164571806733641
8707-HOEDG,0.0415957815544693,0.0415957815544693
9746-YKGXB,0.02354073835279069,0.0415334162585167
5170-PTRKA,0.018824689015472185,0.04152025130769155
1897-OKVMW,0.026863125727124237,0.04142798279502491
0909-SELIE,0.012958890693981595,0.04137276828276826
0458-HEUZG,0.021169134688008517,0.04133022369832795
4615-PIVVU,0.016366355447805736,0.04132548077495268
1264-FUHCX,0.018719710661492472,0.041291400373066445
7989-VCQOH,0.020533970581189775,0.041279972414291044
7026-YMSBE,0.016943304537443082,0.041260492620001976
6772-WFQRD,0.01846457853400063,0.041093564992034315
5777-ZPQNC,0.02211424080356439,0.041075925086141996
0613-WUXUM,0.04106558256038795,0.04106558256038795
6961-MJKBO,0.017810242404289744,0.04101839399419538
4223-BKEOR,0.02017582203659496,0.04100941362740451
8780-IHCRN,0.02021558661910594,0.04096301454751872
7815-PDTHL,0.018899141733265568,0.040861909839898125
3653-NCRDJ,0.017195145143062418,0.040853502122051855
1837-YQUCE,0.0408368965632091,0.0408368965632091
0019-GFNTW,0.012201556344603515,0.04083011969781203
1964-SVLEA,0.021129778730748172,0.040794934156660245
3682-YEUWS,0.021920576448521745,0.04078808507561338
7306-YDSOI,0.04078625165230243,0.04078625165230243
6080-LNESI,0.020143926055419814,0.04071999508221269
1298-PHBTI,0.040701785877740426,0.040701785877740426
6260-XLACS,0.021936337902233816,0.040664170531019894
5619-XZZKR,0.021936191341210387,0.040663901473090736
5825-XJOCM,0.019205019668097068,0.04062842627044905
4676-MQUEA,0.02011219566497313,0.04062811568895419
2239-CGBUZ,0.020087994473315995,0.04060812823435922
4735-BJKOU,0.018233319272224713,0.040584811816776645
9643-YBLUR,0.022415905578832773,0.04051176229597819
5485-ITNPC,0.04050049099234776,0.04050049099234776
4431-EDMIQ,0.021914974231739714,0.04049042841357864
9617-UDPEU,0.018956758288289466,0.04047462465916796
2519-TWKFS,0.01947589333857047,0.040415416922368386
6051-PTVNS,0.014811181848211175,0.040371994722828486
2171-UDMFD,0.016442153676546,0.04035152070560466
6319-QSUSR,0.02238496046969518,0.040346880741545244
2682-KEVRP,0.01889581265859608,0.040345937014167776
5542-NKVRU,0.015970611959760017,0.040338730227907016
4716-MRVEN,0.018355298091239258,0.040334838495292624
1872-EBWSC,0.0183551260868412,0.0403344648007824
6733-LRIZX,0.018634250318499856,0.04029557554896346
7338-ERIVA,0.018259197622482626,0.04022279379282856
8896-RAZCR,0.016875762589033227,0.040192679756506755
1956-YIFGE,0.018809503466738153,0.04016367796436371
6048-NJXHX,0.017695014138920384,0.04014439244403101
1696-HXOWK,0.04014326664145107,0.04014326664145107
1183-CANVH,0.019721332654068502,0.04013049745162145
2068-WWXQZ,0.016466964334231227,0.040078636020293046
7856-GANIL,0.017801386739467517,0.04007382252044289
6234-PFPXL,0.0187641448181034,0.04006788669560102
3354-OADJP,0.02128080674125321,0.04005821510402163
5537-UXXVS,0.020742868032246453,0.0400553738135182
0048-PIHNL,0.018148730992685325,0.04004614690546049
8985-OOPOS,0.022524274984390802,0.039901289581854016
9227-YBAXE,0.031174967877228732,0.03987118370726661
9710-NJERN,0.018076025234502024,0.039823803127310486
9588-YRFHY,0.018014681811373667,0.03975366883060594
7008-LZVOZ,0.03958756786342621,0.03958756786342621
1353-GHZOS,0.018535331446267955,0.039584585883502554
2923-ARZLG,0.025681473814388678,0.0395786911846806
8050-WYBND,0.01851169079291537,0.03953464452795086
1985-MBRYP,0.01659536574295617,0.03944523862075733
2418-TPEUN,0.01177434489132767,0.03942077196671734
2821-WARNZ,0.017860207751928647,0.039416565318508345
3638-VBZTA,0.03940999255842037,0.03940999255842037
8873-TMKGR,0.01792444373101254,0.03939851892701107
8550-XSXUQ,0.01856454952498643,0.03928796095389164
0820-FNRNX,0.019131879208076685,0.03927750836121302
6584-VQMYT,0.019600326535981205,0.03923686081343225
2300-RQGOI,0.01943330774729246,0.03921133315616998
0582-AVCLN,0.019433177742899876,0.03921107351334907
9092-GDZKO,0.01834676484520359,0.03918619636315046
9503-XJUME,0.022191767289933773,0.03917427766585968
2384-OVPSA,0.01937118213573874,0.03908725274501956
3402-XRIUO,0.018295809724898415,0.039078526945777625
2862-JVEOY,0.02100897191248141,0.03906514955877671
7435-ZNUYY,0.0210081574205232,0.03906364915312843
1333-PBMXB,0.01618454859671381,0.03906243578460489
2387-KDZQY,0.019019091070385907,0.039048343557566034
4378-BZYFP,0.01901888745425495,0.03904792982134564
2673-ZALNP,0.021082453976619453,0.0389664443034089
7353-YOWFP,0.021082256692029344,0.03896608302777793
9938-EKRGF,0.019172573208516064,0.03894658442904242
9909-DFRJA,0.01899815155954676,0.03892010799993084
2990-OGYTD,0.03890958513841425,0.03890958513841425
6967-PEJLL,0.02043189579383231,0.038899885844284054
0547-HURJB,0.020922170024148645,0.03888223972633609
4043-MKDTV,0.038873267869800165,0.038873267869800165
2361-UPSND,0.015949590590316087,0.03883421026573142
0016-QLJIS,0.0303517143856038,0.038822922572669616
6425-JWTDV,0.01833139457540811,0.038799734292279564
7995-ZHHNZ,0.01532265448478387,0.03872177198200044
8329-UTMVM,0.01929104215545996,0.03862388458589727
5220-AGAAX,0.03861179769764289,0.03861179769764289
3079-BCHLN,0.01672621639021199,0.03854980441896849
7607-QKKTJ,0.01711040447015466,0.038535442197135894
0357-NVCRI,0.0185546415566733,0.038523332171677915
6546-OPBBH,0.019037594753562925,0.03850602272538084
9624-EGDEQ,0.02019372867830782,0.038450710039045544
8917-FAEMR,0.020193701670462416,0.03845065909737644
7647-GYYKX,0.01591079795610295,0.038409353579193284
2122-SZZZD,0.01611196819086147,0.038394386470054
2072-ZVJJX,0.03837312355046896,0.03837312355046896
0383-CLDDA,0.03833835938378316,0.03833835938378316
0707-HOVVN,0.0383334115586077,0.0383334115586077
9397-TZSHA,0.038283063971923714,0.038283063971923714
7325-ENZFI,0.017356775163916982,0.03825623061044281
6591-QGOYB,0.01861553794507309,0.03822816580485777
2050-ONYDQ,0.02986720988775149,0.03820587719761548
0057-QBUQH,0.01604731192867015,0.03815736972645434
7105-BENQF,0.018736469040125048,0.03806950997372549
2550-QHZGP,0.02058798360798697,0.03806075208115045
5569-IDSEY,0.03802779705614734,0.03802779705614734
2364-UFROM,0.015594654248196615,0.03801406030812393
5324-KTGCG,0.03801197736586259,0.03801197736586259
9620-QJREV,0.016459389996280716,0.037941620393917685
9052-DHNKM,0.018498110891675856,0.03790594124956215
9805-FILKB,0.015560573911202802,0.03789788757362278
2486-WYVVE,0.014899200375590116,0.03789655299061334
5915-DGNVC,0.017151708273574928,0.03786959427905179
8952-WCVCD,0.01666071418210413,0.03782341106639997
5680-LQOGP,0.03778675340273363,0.03778675340273363
1215-EXRMO,0.018686447225281344,0.03777630503893026
0297-RBCSG,0.019861262038053606,0.03777299252066091
3059-NGMXB,0.019147785881590718,0.037754587709140974
0206-OYVOC,0.015461891618598567,0.037660283433332054
2796-NNUFI,0.015461601410437842,0.0376595846277884
4227-OJHAL,0.03764517063803119,0.03764517063803119
1619-YWUBB,0.03752243291861579,0.03752243291861579
7925-PNRGI,0.016629839031967242,0.037464712409468914
4646-QZXTF,0.020239573091627827,0.03742235140817818
9646-NMHXE,0.016229044461654296,0.03741641149026376
3374-TTZTK,0.02117948031103445,0.037402276928747424
2522-WLNSF,0.017063861186361273,0.03739503521136334
7560-QJAVJ,0.03733019759327749,0.03733019759327749
7876-AEHIG,0.01845014018893887,0.03732935903183476
0485-ZBSLN,0.029170450253061975,0.03731835844063114
4018-KJYUY,0.017461778811546314,0.03731527864358419
4079-VTGLK,0.015286764864554825,0.03727200301664013
0042-RLHYP,0.03726810970570438,0.03726810970570438
2984-RGEYA,0.037268060300262196,0.037268060300262196
7673-BQGKU,0.03726766505903545,0.03726766505903545
6980-IMXXE,0.03726761565417114,0.03726761565417114
2616-UUTFK,0.016158130393807868,0.037260925972447234
7016-NVRIC,0.01692920051177993,0.03723376657512745
4648-YPBTM,0.019245971085356306,0.037233509117466035
2790-XUYMV,0.03722419028564583,0.03722419028564583
6857-TKDJV,0.03717240461842619,0.03717240461842619
6349-JDHQP,0.01921302059531982,0.037170351726644735
1998-VHJHK,0.0185438545890918,0.03714220483344588
1642-HMARX,0.03713395703419797,0.03713395703419797
6668-CNMFP,0.01946521966595982,0.03702659134965469
7184-LRUUR,0.01732402650241638,0.03702388563378434
3551-GAEGL,0.016876448259048882,0.036988566677079726
4513-CXYIX,0.03692196046560936,0.03692196046560936
9769-TSBZE,0.036891299449315906,0.036891299449315906
5061-PBXFW,0.01500556066530545,0.036865451383121584
7351-MHQVU,0.019810770903356256,0.03685671593014905
0123-CRBRT,0.011512136767041659,0.03681363743028099
7872-BAAZR,0.019019885569439565,0.03680012222616613
5181-OABFK,0.0109794098745839,0.036794436394436136
5296-BFCYD,0.015097722335138952,0.036783146339653405
0506-YLVKJ,0.0150976818454569,0.03678304878992611
6469-MRVET,0.020747624979758128,0.036780008072681225
2651-ZCBXV,0.015215545603426639,0.0367495241149447
0218-QNVAS,0.03670731813914685,0.03670731813914685
1088-CNNKB,0.01808167857253773,0.0366804399622207
1936-CZAKF,0.01660631778205135,0.03667782722901636
5862-BRIXZ,0.015011912482317702,0.03657639586093908
8944-AILEF,0.01798235846174545,0.036551906423558655
2027-DNKIV,0.01916534823887983,0.03651006050843053
3422-WJOYD,0.017145414412912174,0.03648483078089948
7852-LECYP,0.018659964992436495,0.0364763048189205
5989-AXPUC,0.03647568393272904,0.03647568393272904
2580-ASVVY,0.019145643927860778,0.03647285831470759
6574-MCOEH,0.015796987930362216,0.0364369443291811
5512-IDZEI,0.014953094960954316,0.036434665547393386
9537-JALFH,0.03640056046595708,0.03640056046595708
0902-XKXPN,0.036400270803541246,0.036400270803541246
0723-FDLAY,0.015265926775356875,0.03640014960189719
9814-AOUDH,0.018761949693242408,0.03630556467622714
5214-CHIWJ,0.01810762116620157,0.03627661671594218
7964-YESJC,0.01812747549479854,0.036208618332627784
9067-YGSCA,0.036204085297096844,0.036204085297096844
8480-PPONV,0.014381782184463066,0.0361937035187736
7205-BAIAD,0.016238545354017697,0.036190229423302966
3858-XHYJO,0.016232399754467552,0.03617667312260309
3714-XPXBW,0.018984278962343115,0.03616817161032504
9386-LDCZR,0.015188591007134211,0.036137438359830854
0334-ZFJSR,0.013237409498804809,0.03613255634907653
6937-GCDGQ,0.018932384058123697,0.036021945453716286
4750-UKWJK,0.018905289004305437,0.03601900720870477
6689-VRRTK,0.015103463666267802,0.036016924843289666
6810-VCAEX,0.015606080484077967,0.035995176727071865
4632-XJMEX,0.018586868143509405,0.0359697986551063
0848-SOMKO,0.03594107819707715,0.03594107819707715
5762-TJXGK,0.020338284764951697,0.03592868156493212
6575-SUVOI,0.01727987355135452,0.03590197241685267
7089-XXAYG,0.017259881213072203,0.035860831575497576
3174-AKMAS,0.014707074904456663,0.03584170624773475
9495-REDIY,0.01723008561920092,0.035799515592134346
2606-PKWJB,0.016058823411097434,0.03579374512901945
0670-ANMUU,0.0357618203935095,0.0357618203935095
5846-QFDFI,0.015499148847003874,0.0357570926206594
2075-PUEPR,0.013089591455227478,0.035733750552956356
5039-LZRQT,0.01826900206895865,0.035718909525234266
9173-IVZVP,0.018454387825434515,0.03571569404478381
2977-CEBSX,0.03570202348626672,0.03570202348626672
7356-AYNJP,0.019231272819623446,0.03569220504339654
8076-FEZKJ,0.019147969194346803,0.03567293940232208
7665-VIGUD,0.01914753360939625,0.035672134797847144
5924-SNGKP,0.015691465357918433,0.03564553398208803
8084-OIVBS,0.019733753749099914,0.0356073971304236
2703-AMTUL,0.018078858498338346,0.03556021217010974
4418-LZMSV,0.01818279321379246,0.035551861411004415
2931-SVLTV,0.015892958034573024,0.03542774935315551
0961-ZWLVI,0.016016406395731098,0.035387858145828566
9513-DXHDA,0.017656963485192967,0.03538199466627878
3768-VHXQO,0.03528239092662355,0.03528239092662355
3873-WOSBC,0.03528168861005876,0.03528168861005876
6156-UZDLF,0.01720265839617141,0.0352759739445474
2332-TODQS,0.016631225761553514,0.03523558593164278
0479-HMSWA,0.017143690448599647,0.03515617166916696
5602-BVFMK,0.01888725361918353,0.035132117593220547
1429-UYJSV,0.018887051400858557,0.03513174458881285
9135-MGVPY,0.035108013106913694,0.035108013106913694
6967-QIQRV,0.017259904094320544,0.035096858742830195
9027-TMATR,0.01474487502749211,0.03509273467974461
3115-CZMZD,0.022744652980818958,0.03508148084872209
8884-FEEWR,0.016193781571093857,0.0350693497322796
8929-KSWIH,0.016862057024862764,0.035041985860506
5126-RCXYW,0.014493177986813821,0.03502316946803552
3891-NLXJB,0.018373013861597176,0.03501357170699082
0530-IJVDB,0.03500501637049991,0.03500501637049991
4825-FUREZ,0.013834545320423275,0.035001962899739336
1345-ZUKID,0.017735176081967174,0.03499398333437542
1209-VFFOC,0.034952834264604826,0.034952834264604826
7919-ZODZZ,0.018752430937065356,0.03494217911678699
5945-AZYHT,0.034939297246175616,0.034939297246175616
9451-WLYRI,0.018044521555739546,0.03492934087922983
4526-EXKKN,0.01564990726935378,0.034891298120870884
2788-CJQAQ,0.017840083210775792,0.0348876463063853
9154-QDGTH,0.01465540274892807,0.03488199726196983
4955-VCWBI,0.014637876835327468,0.03484071467068184
4518-FZBSX,0.013754917109177867,0.034802670543662706
1414-YADCW,0.03479635141791326,0.03479635141791326
2320-TZRRH,0.017993205987972716,0.03479153322928985
6461-PPAXN,0.016063586490818627,0.0347901061896585
5056-FIMPT,0.014614865613721162,0.034786509775573515
7649-PHJVR,0.019270655260398173,0.03477845117427458
2039-JONDJ,0.017349381071451675,0.034771157237258765
0318-ZOPWS,0.01568277649927463,0.03465788231737654
7696-AMHOD,0.01567733133433491,0.034645965873244866
2577-GVSIL,0.01599170825671059,0.03463592234093138
8731-WBBMB,0.016872913737294493,0.034605949245448464
1682-VCOIO,0.016976830336755566,0.03459633682230112
5815-HGGHV,0.017831037068666955,0.034480645698104495
3982-JGSFD,0.017495271936678214,0.034422303968698165
3696-XRIEN,0.016980485624122243,0.034358331493602345
3985-HOYPM,0.016703980602129298,0.03426259240374285
5514-YQENT,0.01507110112225496,0.03425013313829517
7639-LIAYI,0.019354428539508306,0.03420392132805794
0840-DCNZE,0.01480359128883324,0.03416260715467556
1163-ONYEY,0.015021999404283726,0.03413963878885118
0274-JKUJR,0.018440390526671013,0.034122540697575365
9146-JRIOX,0.0172893694712436,0.03412194505858879
7516-GMHUV,0.016857070910574312,0.034110824538590934
3340-QBBFM,0.0173347169110718,0.03410912845248304
3229-USWAR,0.01552285873266146,0.03405005379214565
9631-RXVJM,0.01571277241466351,0.03403745884753617
0930-EHUZA,0.017271300747297214,0.033985416233426435
0234-TEVTT,0.016031151648659092,0.0339759435736634
9938-ZREHM,0.0178086183095586,0.033946913489096064
4163-NCJAK,0.013918004253146599,0.033938420143805326
0208-BPQEJ,0.01821833462697664,0.03389788629582058
9916-AYHTC,0.01596577283281264,0.03383865111346607
4361-FEBGN,0.01596564443695525,0.03383838147794049
2926-JEJJC,0.01794408363365807,0.03382859830967988
0253-ZTEOB,0.01595360454383965,0.0338130971281394
7164-BPTUT,0.008709874723934696,0.03379059676577012
2817-LVCPP,0.0166681239427654,0.03373183061731011
0002-ORFBO,0.018632471047052013,0.033727164685187216
2731-GJRDG,0.013707438748507217,0.03370890126195447
7609-YBPXG,0.013921327152138119,0.033655233611737834
7524-VRLPL,0.033631026148744136,0.033631026148744136
8434-PNQZX,0.013285947514760754,0.033628431591570696
5986-WWXDV,0.015218321174112814,0.03358724269557911
4063-EIKNQ,0.01858761480303095,0.03355522395593491
6576-FBXOJ,0.016319451855300038,0.03355472384347091
4698-KVLLG,0.016537166435460215,0.033492606474901154
2987-BJXIK,0.03344952171342319,0.03344952171342319
9127-QRZMH,0.014015211731298605,0.03344761155204212
9236-NDUCW,0.01641788601773475,0.03343780887066061
6047-SUHPR,0.015147957431506986,0.03343340241272996
0932-YIXYU,0.014473505013823273,0.03340824316409985
4877-TSOFF,0.012227952949436793,0.033406997249370796
1133-KXCGE,0.01655723643100271,0.03335443593405485
0810-DHDBD,0.018863388860991592,0.033342593085420424
4194-FJARJ,0.013789362485794321,0.03333939577785805
4686-GEFRM,0.03330864314033832,0.03330864314033832
7609-NRNCA,0.016193391238544463,0.03329780093169221
5505-OVWQW,0.016193130817084955,0.033297270132649937
2277-AXSDC,0.013536873158547236,0.03329369038159491
5918-VUKWP,0.013536582500794814,0.03329298273724157
2230-XTUWL,0.015704396462795756,0.03328966915190745
9251-AWQGT,0.015704206997124714,0.033289271147384336
8559-WNQZS,0.018748493100333552,0.03326252762142301
3721-CNZHX,0.016337756293513528,0.03323798612264206
5177-RVZNU,0.01741287880957465,0.033198663321248656
4933-IKULF,0.0161411267381264,0.03319127079202877
3620-EHIMZ,0.018750985537772213,0.03314538008908319
9371-BITHB,0.018750734571427063,0.03314493974584709
5161-UBZXI,0.033144246721670045,0.033144246721670045
7369-TRPFD,0.017357519521648546,0.033049651469513
9357-UJRUN,0.016528421322123954,0.03304165986237184
8821-KVZKQ,0.03303824418289236,0.03303824418289236
4962-CHQPW,0.014993789808973701,0.033016381733881106
8039-EQPIM,0.033009660003066044,0.033009660003066044
5707-ZMDJP,0.01703610520618326,0.03299330217554497
4830-FAXFM,0.017310731717475103,0.03296128025587086
8022-BECSI,0.015389414268573542,0.032926521137891074
4626-OZDTJ,0.01625509129038749,0.03292620383983702
5847-MXBEO,0.015389125410099402,0.03292590865988476
0129-QMPDR,0.013779891487900486,0.032891504917696435
9931-DCEZH,0.015439759036330658,0.032887722171582756
9824-QCJPK,0.016700027724488975,0.03287062276935382
7094-MSZAO,0.017631627148248175,0.03287007831623101
8169-SAEJD,0.03285847866600067,0.03285847866600067
5115-SQAAU,0.03279586440571125,0.03279586440571125
6419-ZTTLE,0.01608369879232885,0.032791853997996445
3500-NSDOA,0.03278601149598115,0.03278601149598115
1421-HCERK,0.01341183260196166,0.0327458043974278
0307-BCOPK,0.01725338806651988,0.03274190333394855
3243-ZHOHY,0.017252902762308397,0.032740989684648114
9592-ERDKV,0.017138720362659177,0.03268013133241254
4291-YZODP,0.01764039873785872,0.03265362449947906
4342-HFXWS,0.015374909152438776,0.03259739375391102
0971-QIFJK,0.03259478096001667,0.03259478096001667
3795-GWTRD,0.0160495240239249,0.032592998749391144
8969-PRHFK,0.01616804460975607,0.03257700570259081
8499-BRXTD,0.016167849596471218,0.03257661607418938
4534-WGCIR,0.0062794645557030515,0.03254772406316431
1431-CYWMH,0.015201439107976444,0.0325279059766026
5756-JYOJT,0.018012095203096212,0.03252400964885849
9847-HNVGP,0.015812322649030763,0.03252093370046116
2925-MXLSX,0.013301656205852996,0.03247943934431974
3933-DQPWX,0.01603461422056951,0.03246056959956756
9565-AXSMR,0.01831056239227058,0.03237248238483881
7777-UNYHB,0.017391257851081865,0.03237081762858729
5260-UMPWX,0.015750089306148518,0.03232262279101894
1684-FLBGS,0.0158418528820512,0.032302930736710644
1574-DYCWE,0.015934599065091093,0.03228245470720981
4475-NVTLU,0.014299572380693348,0.03226325256079199
1866-NXPSP,0.01638835801830474,0.03226215540795163
8133-ANHHJ,0.014571935370801592,0.03222518646799566
7446-SFAOA,0.016891724852814094,0.03221285999692103
9574-BOSMD,0.032154810714712156,0.032154810714712156
3721-WKIIL,0.016024329746798793,0.03213746211169122
1709-EJDOX,0.013901263818717924,0.03209967262260982
7750-EYXWZ,0.01722893066566611,0.03207097354396493
5124-EOGYE,0.012576695388697767,0.032048029278736956
0442-ZXKVS,0.013243992859406362,0.032033488111562036
8822-KNBHV,0.015105827668616234,0.03203183938538168
7480-SPLEF,0.03203051278026636,0.03203051278026636
8465-SBRXP,0.015787696039761157,0.031916318875654714
4538-WNTMJ,0.01307190906651845,0.03189510956936692
1015-JPFYW,0.017226039149329075,0.0318923852306231
3764-MNMOI,0.013065233605508042,0.03187897820633567
8292-FRFZQ,0.014427834757490321,0.03185818106059901
9732-OUYRN,0.014402363322002731,0.03185353345190356
5266-PFRQK,0.01801412073648556,0.031852105054446134
8430-TWCBX,0.014401706481387055,0.03185209369363595
7860-UXCRM,0.01567242319379425,0.03183353032773395
0068-FIGTF,0.015865449180022972,0.03182142477398797
8597-CTXVJ,0.0317436441708957,0.0317436441708957
1830-GGFNM,0.02477185639786872,0.03171133335673659
8413-YNHNV,0.031640722588824555,0.031640722588824555
1410-RSCMR,0.017088964069540302,0.03164049708043637
3378-AJRAO,0.013241585738412609,0.031618681910424495
3941-XTSKM,0.012465196529136136,0.031571284955613566
8565-HBFNN,0.031458955460784255,0.031458955460784255
9774-NRNAU,0.015649959453242213,0.0313926999674482
0386-CWRGM,0.012850859005136828,0.03136085349728657
2878-DHMIN,0.014456378119972024,0.03133933972955649
5961-VUSRV,0.016821732321250282,0.03131862270384922
1169-WCVAK,0.016434468314418083,0.03130550909851937
7801-CEDNV,0.015578222994154012,0.031249956335328122
1073-XXCZD,0.011429692127203017,0.03124819478461549
3118-UHVVQ,0.031245103600506474,0.031245103600506474
7998-ZLXWN,0.01530884729063009,0.03116173836652747
7472-EQOAV,0.031161001926121368,0.031161001926121368
3148-AOIQT,0.031125465824706766,0.031125465824706766
4654-GGUII,0.015425100928556645,0.031092057079356472
7340-KEFQE,0.01532449321714846,0.031056375605290176
0459-SPZHJ,0.01526700724581631,0.031016696016699652
3557-HTYWR,0.01342107543767046,0.03100082352647504
6407-GSJNL,0.015274990460422244,0.03095685926173053
1790-NESIO,0.015786625831460732,0.03090306456373615
9220-CXRSC,0.030886848251680865,0.030886848251680865
6693-DJWTY,0.014245759079919318,0.03088663354111232
8590-OHDIW,0.015267696363398087,0.030873488154462114
5442-BXVND,0.013354170603987914,0.03085284640485786
8345-MVDYC,0.013654695804731887,0.03082102588210378
8327-WKMIE,0.01613057700302234,0.030772223589304204
8859-DZTGQ,0.013290500601132904,0.030707055122311533
3882-IYOIJ,0.007558466799025276,0.0306228797919893
7841-FCRQD,0.013245463125843071,0.03060392095482023
7771-CFQRQ,0.013225164854053006,0.03055230299091971
0895-UADGO,0.01619216893083497,0.030550153602062813
0042-JVWOJ,0.014875350234498597,0.030541859850327202
0379-DJQHR,0.030535396655814617,0.030535396655814617
2696-RZVZW,0.030516301925580525,0.030516301925580525
6674-KVJHG,0.016890784223383304,0.03051342580841976
5197-PYEPU,0.012029112956321142,0.030477192457075808
0373-AIVNJ,0.01680484645688607,0.030442064370739264
5914-GXMDA,0.012332565685028052,0.030358989567240258
8540-ZQGEA,0.012544382553149824,0.030356720888926603
6292-TOSSS,0.014985575516138883,0.030353593438042004
5406-KGRMX,0.0303512273391755,0.0303512273391755
6332-FBZRI,0.030343869927411116,0.030343869927411116
5699-BNCAS,0.03034099554605063,0.03034099554605063
3889-VWBID,0.03032087252822291,0.03032087252822291
8966-SNIZF,0.030303776167702967,0.030303776167702967
0505-SPOOW,0.03030349393674614,0.03030349393674614
7284-ZZLOH,0.01341271222226692,0.030279533718102103
6440-DKQGE,0.01236010157442513,0.030201336076854823
5327-CNLUQ,0.014220714031721204,0.030170269468116295
0562-KBDVM,0.030163472618703335,0.030163472618703335
5062-CJJKH,0.014484808659399162,0.030141288822290946
5678-VFNEQ,0.030140084994373817,0.030140084994373817
2632-IVXVF,0.030118434823960927,0.030118434823960927
9483-GCPWE,0.016556328851594415,0.02999497240605553
7017-VFHAY,0.009352584561887034,0.02998042412784452
4020-KIUDI,0.016085030243971343,0.029974583312440295
4312-GVYNH,0.029912596149044512,0.029912596149044512
9086-YJYXS,0.013618439168910812,0.029907426860828146
7247-XOZPB,0.01541032878892834,0.029868020416293106
5208-FVQKB,0.029807681400513042,0.029807681400513042
7876-DNYAP,0.029633802647558882,0.029633802647558882
5555-RNPGT,0.015876640406449427,0.029621347781178753
0428-AXXLJ,0.014220341225487654,0.02959528625183283
4979-HPRFL,0.008792600169172937,0.029543440892482842
6286-ZHAOK,0.015254035881945516,0.029533833459525205
1042-HFUCW,0.01417469642136826,0.02950103463409437
5837-LXSDN,0.014455475445531163,0.029471736095287415
9530-GRMJG,0.02945254324964308,0.02945254324964308
6502-KUGLL,0.014903890856394097,0.02944907157146115
8314-DPQHL,0.016239355230126762,0.029424590514090188
5495-GPSRW,0.015182171502310382,0.029395706037905756
5820-PTRYM,0.00874272635437967,0.02937762222003537
5049-MUBWG,0.01428441458648444,0.029337896211073633
3363-DTIVD,0.0293143347255983,0.0293143347255983
9798-DRYDS,0.014233538165456472,0.029298893889383337
7242-EDTYC,0.012196060974068113,0.029143741126640865
1716-LSAMB,0.012895538417015628,0.029121673440863693
4086-ATNFV,0.013252428034851382,0.02911013984921329
1045-LTCYT,0.015422637223571178,0.02910842748699194
1098-KFQEC,0.010632404523979733,0.029088956742188365
2252-NKNSI,0.016432027625365775,0.029072805399523505
1627-AFWVJ,0.013183600821847663,0.02906268487696395
8573-JGCZW,0.014080793197428276,0.02898687213613249
6339-RZCBJ,0.013657141550703078,0.028983972111982004
6586-PSJOX,0.014230230134117283,0.028982732097461494
9801-NOSHQ,0.014200522948030536,0.028981412921799454
0584-BJQGZ,0.01391383415025016,0.028962290154432968
8496-DMZUK,0.011824161310505787,0.028903199292092396
2908-WGAXL,0.008594503830170463,0.028884699303282635
4806-DXQCE,0.02886102639671928,0.02886102639671928
6288-CHQJB,0.011917399683073482,0.028852564734642927
2900-PHPLN,0.028844705203124432,0.028844705203124432
7196-LIWRH,0.01545869533859967,0.028815379413512532
0298-XACET,0.016270871053900682,0.028789501899686654
7622-FWGEW,0.008560708834241204,0.02877228729346748
9585-KKMFD,0.012634674652673317,0.028758799023935522
3347-YJZZE,0.01304286273601074,0.028754922132918526
5627-TVBPP,0.013240435226130831,0.028724201021988693
3458-IDMFK,0.013796575304291236,0.028720070951575694
1545-JFUML,0.028681546014495907,0.028681546014495907
0361-HJRDX,0.028662572158555277,0.028662572158555277
1960-UOTYM,0.016194123622809142,0.028654571822848363
7395-XWZOY,0.014780507689881928,0.028623508984506607
2888-ADFAO,0.01237707217817019,0.02860930029121822
0572-ZJKLT,0.011708864257677254,0.028597975857381663
2294-SALNE,0.014006916773174227,0.028589231518379665
5469-NUJUR,0.01499766473205244,0.02858761538434451
1722-LDZJS,0.014738985476122846,0.028576040663860325
0516-OOHAR,0.013397136890935357,0.028570541852820486
5789-LDFXO,0.014272680977131746,0.028565218446114815
4032-RMHCI,0.012527953774718714,0.02851786474453799
5312-TSZVC,0.013994587792176438,0.028506356913954756
1455-HFBXA,0.016084973106489153,0.028462659550306135
5093-FEGLU,0.012300487998793797,0.02843373456763687
2466-NEJOJ,0.015060294149479847,0.02842922220900046
1090-PYKCI,0.02842424115283504,0.02842424115283504
8760-ZRHKE,0.02842281466265595,0.02842281466265595
1306-RPWXZ,0.01282654117268589,0.028396019115417226
9323-HGFWY,0.014130275158246497,0.028366507631050197
8752-GHJFU,0.028330427334133268,0.028330427334133268
1810-MVMAI,0.011578872506341487,0.02830872450589017
3556-BVQGL,0.01460031467323919,0.028276991411808616
3230-IUALN,0.012518041443253525,0.028276035522862508
6924-TDGMT,0.01563857336276908,0.028265908785310323
8957-THMOA,0.01394141846748942,0.028254100066239185
6619-RPLQZ,0.01249954381050744,0.028234588023270057
5044-XDPYX,0.013916771410465878,0.028224369892365764
2211-RMNHO,0.028196892256662665,0.028196892256662665
9152-AMKAK,0.015117030864240655,0.02818276331269043
8815-LMFLX,0.013535926667939346,0.02818154115703375
0301-KOBTQ,0.011417959749559059,0.02812669229735343
6476-YHMGA,0.013805557473943963,0.028124126131481963
7746-QYVCO,0.014798802942669553,0.028115556314000534
3410-YOQBQ,0.011015293695380568,0.02810392387566163
8947-YRTDV,0.011392657516575588,0.02806489302220494
5360-LJCNJ,0.028046930447550467,0.028046930447550467
5906-DVAPM,0.010222131347755292,0.02797664742076844
8181-YHCMF,0.027879859941475238,0.027879859941475238
7191-ADRGF,0.011649896622524802,0.0278494041666848
5716-LIBJC,0.014210333189181634,0.027838893849646884
7576-ASEJU,0.012224030712224998,0.027831539788707116
4415-WNGVR,0.01489808265351289,0.027760745348257787
6551-ZCOTS,0.011998765849958293,0.027746542260563167
2263-SFSQZ,0.01367441085686072,0.027736371612295252
5844-QVTAT,0.011994147106679232,0.027735947362567126
8080-POTJR,0.011341442541566549,0.027733090181271347
4625-LAMOB,0.011568147173848575,0.02765558201300411
9720-JJJOR,0.012144255194031173,0.02765134384890411
8065-QBYTO,0.027651019119646292,0.027651019119646292
1897-RCFUM,0.012478118379698921,0.0275862072546893
5242-UOWHD,0.012205155244665256,0.027574820435504188
9207-ZPANB,0.014407410889662686,0.02750696248633555
3120-FAZKD,0.011346913481919185,0.0274827498613629
9959-WOFKT,0.02747789436358261,0.02747789436358261
4933-BSAIP,0.012296851764339145,0.02747365215734454
6480-YAGIY,0.012149849730296425,0.02745084471326742
8645-KOMJQ,0.027433810139224635,0.027433810139224635
8008-OTEZX,0.01263738234711509,0.0274257905920976
1741-WTPON,0.008154659982605783,0.027420932533772535
5702-KVQRD,0.027418338706371115,0.027418338706371115
3546-GHEAE,0.014791746793421101,0.02741462451600174
6402-SSEJG,0.013162858125185806,0.02741046724055518
1269-FOYWN,0.011451442570866721,0.02737884448714123
9067-SQTNS,0.011451257964914197,0.027378406701028535
6726-NNFWD,0.027331801039500947,0.027331801039500947
2017-CCBLH,0.014473314941030546,0.027328463111992884
8388-DMKAE,0.01447321787259026,0.027328281031202772
9030-QGZNL,0.014472984910969933,0.02732784404218591
5199-FPUSP,0.011809487009652786,0.0273123030455642
3633-CDBUW,0.013251182086010838,0.027291266236048384
5857-XRECV,0.014998531693811934,0.027286619031791637
5150-LJNSR,0.010681247607102984,0.027258848745908004
4277-UDIEF,0.013576317661931125,0.027181203834136247
9170-ARBTB,0.015336849596800595,0.027146835136935388
2368-GAKKQ,0.027139728051241985,0.027139728051241985
5204-HMGYF,0.012240250599951152,0.02710790152298015
4304-TSPVK,0.027070088664961744,0.027070088664961744
3935-TBRZZ,0.011301330421904177,0.027022821067738567
2150-OEGBV,0.013404277126091602,0.026919121988089323
2404-JIBFC,0.009801598615657214,0.02683567970022349
2954-PIBKO,0.026803049767098797,0.026803049767098797
4709-LKHYG,0.012128207866399232,0.026753468934958224
1338-CECEE,0.011742907805410985,0.0267444995037025
9418-RUKPH,0.013190586520039793,0.026702253642118423
8577-QSOCG,0.013190497996810824,0.026702075676040438
5975-BAICR,0.01353462030451924,0.026682024787055947
4195-PNGZS,0.026660906321339883,0.026660906321339883
8207-VVMYB,0.02665520350106998,0.02665520350106998
0221-NAUXK,0.01426491694366705,0.026633329430690078
6445-TNRXS,0.026601525323268427,0.026601525323268427
7176-WRTNX,0.02650392207761898,0.02650392207761898
8242-PDSGJ,0.026467369030018895,0.026467369030018895
7321-KKSDU,0.010723032851175485,0.026428519213110402
7005-CYUIL,0.026354760768202534,0.026354760768202534
7619-PLRLP,0.013579963048697907,0.026343563213270915
6993-YGFJV,0.026336383643077554,0.026336383643077554
4567-AKPIA,0.011532699786559797,0.026269344177968335
8098-TDCBU,0.010345250761070734,0.02624547761886853
9755-JHNMN,0.011844788818234364,0.026238514983611516
2967-MXRAV,0.014729321007568186,0.026173692207755672
5562-BETPV,0.014728985183620757,0.026173098943460316
2239-CFOUJ,0.014728688874683926,0.026172575485981064
4776-XSKYQ,0.01401812458449403,0.02613119323605806
6188-UXBBR,0.01289611425034165,0.026110158304749054
5816-JMLGY,0.026109658342308162,0.026109658342308162
6122-EFVKN,0.013015675170127139,0.026066211317404053
5566-SOEZD,0.012929359550288844,0.02597171357717243
7817-OMJNA,0.013127484278106172,0.02596200831214235
2690-DVRVK,0.013335427669324385,0.025900290338258025
8746-BFOAJ,0.012675678225666731,0.025867520260045684
6341-JVQGF,0.0101269021797461,0.025855465679295198
8512-WIWYV,0.010483481129821892,0.025842722902293058
6617-WLBQC,0.01264586939812895,0.025829908235837862
1116-FRYVH,0.012158827257080174,0.025826325205459022
6248-TKCQV,0.02576242197329226,0.02576242197329226
5917-RYRMG,0.010450011032508866,0.025760858847658996
1679-JRFBR,0.025743308162718637,0.025743308162718637
7285-KLOTR,0.013808570263399211,0.025742941830735555
3506-OVLKD,0.011827419472651535,0.02568040880290068
7137-NAXML,0.012565354600213019,0.025666550373084074
7838-LAZFO,0.011352713023926597,0.025662956894333844
8215-NGSPE,0.010111345274963823,0.025656761612871115
6064-ZATLR,0.012760640985529648,0.0256350263811147
2541-YGPKE,0.01009962544218268,0.02562725830056045
8807-OPMBM,0.009340959259581227,0.025584916735639895
5751-USDBL,0.01044157349491337,0.025526490010448488
5808-TOTXO,0.013685640312486647,0.025499575071417313
8750-QWZAJ,0.025375670337891676,0.025375670337891676
7601-DHFWZ,0.011942481578867348,0.0253699329542576
3324-OIRTO,0.025340215508958264,0.025340215508958264
8763-KIAFH,0.012584517587325705,0.02528349968670407
7945-PRBVF,0.011627040042670012,0.025248350904889527
1258-YMZNM,0.012564138983195194,0.025242821661857873
4703-MQYKT,0.012337901123274264,0.025182723440120514
2208-MPXIO,0.011128891841106325,0.025160620040079684
1226-JZNKR,0.013315659986074868,0.025155787746446445
5457-COLHT,0.025137068246021466,0.025137068246021466
5063-IUOKK,0.012812292229692934,0.025117237281624405
5014-GSOUQ,0.012812223428865566,0.02511710325029215
0580-PIQHM,0.011017705116837084,0.02510469441843899
8984-HPEMB,0.025102162210442813,0.025102162210442813
3178-CIFOT,0.012283215404998438,0.02509400225044034
3280-MRDOF,0.010248479910454855,0.02508065555718375
9475-NNDGC,0.02507699613762837,0.02507699613762837
7109-CQYUZ,0.01415618047261824,0.02506864688783439
8922-NPKBJ,0.009872961739071928,0.02505655184606692
5681-LLOEI,0.010496312620536297,0.025056248438004802
4878-BUNFV,0.009872603347171549,0.025055649305894878
5148-HKFIR,0.01292258006810676,0.025047757672958415
6963-KQYQB,0.025046327726965245,0.025046327726965245
6698-OXETB,0.013842315684934658,0.025037824107301376
9746-UGFAC,0.01166250883124087,0.02500688399404105
3137-NYQQI,0.012094255011025568,0.024924115310462014
8610-ZIKJJ,0.013664998908170523,0.02487442025869946
2882-WDTBA,0.024866057567057953,0.024866057567057953
0040-HALCW,0.010241369799154465,0.024824943060744786
4083-BFNYK,0.012253986322493193,0.024818395707095875
4016-BJKTZ,0.01189682690181093,0.02479139443917522
0827-ITJPH,0.012564743800784206,0.02478192732863349
1403-LKLIK,0.010686821652831857,0.02473443347495008
7688-AWMDX,0.02470835182076292,0.02470835182076292
1952-DVVSW,0.013226671005047486,0.024706221315869747
7279-NMVJC,0.011984042713835463,0.02469845804918569
7975-JMZNT,0.02469820375178511,0.02469820375178511
7033-CLAMM,0.01162131310982406,0.024692201764275223
1862-QRWPE,0.011621172613342612,0.02469190523305753
3284-SVCRO,0.010914553117794545,0.02467942918747268
1763-KUAAW,0.012214663886755739,0.024661940930936987
7216-KAOID,0.010821370698246402,0.02466048137146104
4425-OWHWB,0.012713485229303156,0.024644934799350038
1325-USMEC,0.024633786921449463,0.024633786921449463
6473-ULUHT,0.01293487142109595,0.024595423789403492
7452-FOLON,0.011113338121591099,0.024589703247428263
9257-AZMTZ,0.013881360861266234,0.024584636421336126
1187-WILMM,0.012068770671861184,0.02456051135788706
1657-DYMBM,0.012653986727536037,0.02455817633477031
1094-BKOSX,0.010857942698377032,0.024552316453095968
3973-SKMLN,0.024503484155295352,0.024503484155295352
4452-ROHMO,0.012014168946127501,0.024498002868744373
1576-PFZIW,0.024485003212628254,0.024485003212628254
2282-YGNOR,0.01108514928743709,0.02446827593279166
3810-PJUHR,0.02445894536759574,0.02445894536759574
5854-KSRBJ,0.024458912726836535,0.024458912726836535
1915-OAKWD,0.01285038657898041,0.024435725858111712
3423-HHXAO,0.012324993355849578,0.02438468815943673
4980-URKXC,0.01235964540898693,0.02437988094749377
2292-XQWSV,0.010886371551352192,0.024343945660138755
4178-EGMON,0.02432879892719464,0.02432879892719464
2520-SGTTA,0.015720411168564707,0.024294847291984722
4697-LUPSU,0.01334320423160551,0.02429192678486214
4616-EWBNJ,0.012770052624593076,0.02428386259321713
0308-IVGOK,0.0134160579399214,0.024271081541200723
6308-CQRBU,0.02426769559868347,0.02426769559868347
9534-NSXEM,0.011799836761238969,0.024267403647743158
1207-BLKSA,0.013700628351880795,0.024266274124417175
5930-GBIWP,0.0242458769581132,0.0242458769581132
0967-BMLBD,0.013395141872691863,0.024233451218031443
5902-WBLSE,0.024227920762114996,0.024227920762114996
6778-EICRF,0.01207969033450118,0.024203312494909923
6563-VRERX,0.010434619829106762,0.024154790478865595
9796-MVYXX,0.012171146797410826,0.02408215301638794
9668-PUGNU,0.024080279991853137,0.024080279991853137
8285-ABVLB,0.024078040006950463,0.024078040006950463
6992-TKNYO,0.011880780660428858,0.024067220670567102
3239-TPHPZ,0.012892748339149218,0.02404530658066495
3170-NMYVV,0.011847615759092323,0.024037096902977506
1395-WSWXR,0.01197590535186177,0.023996637838852974
3227-WLKLI,0.018715106118117664,0.023978819132639995
2680-XKKNJ,0.012688942623867105,0.023978612441925895
3525-DVKFN,0.011627071500879937,0.023967381668637544
7602-DBTOU,0.02395474196232772,0.02395474196232772
0362-RAOQO,0.010705739512505974,0.023942738491222415
4903-CNOZC,0.010833374643267724,0.023916231823194356
6586-MYGKD,0.0238749907797553,0.0238749907797553
8219-VYBVI,0.010782146535922243,0.023861774631397048
8198-RKSZG,0.01205313443370759,0.02385005322230538
9229-RQABD,0.011809056156862341,0.02384802097044436
6770-UAYGJ,0.010756597658341027,0.023844014019063775
7596-IIWYC,0.011858566709854301,0.023833889527670293
3470-OBUET,0.02381413138596422,0.02381413138596422
4742-TXUEX,0.010284841257861665,0.02380644273996524
4779-ZGICK,0.011199289066011753,0.023801263282552942
3865-ZFZIB,0.012464679208673779,0.023787273816177623
6265-FRMTQ,0.009303133387679186,0.023767723822131326
1729-VLAZJ,0.012702020410359727,0.023731729254908296
7644-OMVMY,0.01535061226074963,0.023725791827477916
0743-HNPFG,0.011684547658538547,0.023725009402422614
1439-LCGVL,0.011534260881464808,0.02372461227508693
7103-ZGVNT,0.023715883183067943,0.023715883183067943
9385-EHGDO,0.010915969523518365,0.02371430248424622
2207-RYYRL,0.01337742581304402,0.023696835751578438
1248-DYXUB,0.013377336044437804,0.023696677571420577
8532-UEFWH,0.0133769949291902,0.02369607649633343
0214-JHPFW,0.023632612250586438,0.023632612250586438
0557-ASKVU,0.011698682136087601,0.023626477302241544
0559-CKHUS,0.010692794385866677,0.023607919126919952
1950-KSVVJ,0.01043572961460626,0.0236039883983713
3082-WQRVY,0.01192114318798998,0.02359042804358824
3717-FDJFU,0.012121762642599898,0.023556821526077742
7813-TKCVO,0.012133812568889568,0.02352776684538682
2351-BKRZW,0.009849843456746665,0.023523757858341487
6060-QBMGV,0.023513907184073646,0.023513907184073646
3026-ATZYV,0.012302601709567984,0.023511371568187722
5006-MXVRN,0.010612733222678528,0.023489304061195315
8234-GSZYK,0.009833678092226461,0.023485418955186632
7163-OCEQI,0.010946083726189881,0.023480514130425845
4884-LEVMQ,0.010596908495714263,0.02345450796102788
3266-FTKHB,0.011353036769636726,0.023405966551304336
6746-WAUWT,0.012262815620222689,0.02340422807853393
5393-HJZSM,0.009468548087222084,0.023358484311345573
9481-WHGWY,0.023269982628263852,0.023269982628263852
3190-ITQXP,0.009506049310485709,0.02325539792615694
5593-SUAOO,0.011592697183493428,0.023233336189159126
5549-ZGHFB,0.011416976358759046,0.02316861672124637
1776-SPBWV,0.01051389024021121,0.02313334514602583
2710-WYVXG,0.012396990771777139,0.023111624384791307
3778-FOAQW,0.011516487775142137,0.023081500946423916
8792-AOROI,0.012206941643843838,0.023072802769286915
6655-LHBYW,0.011365969951188437,0.023065724846910052
1536-YHDOE,0.011184404522846747,0.02306040646468699
9227-UAQFT,0.012097784161193004,0.023012564477498
4115-BNPJY,0.01041751029920679,0.023004026462744354
4092-OFQZS,0.011847731302038533,0.022976190126481888
7799-LGRDP,0.009612640996762178,0.02296110378534688
0345-XMMUG,0.009382918752160796,0.022956250483946117
5968-HYJRZ,0.009910600727076169,0.02294592214381963
7217-JYHOQ,0.011444942494466148,0.022938947419134048
7771-ZONAT,0.010682761954045272,0.022919175354610632
2126-GSEGL,0.02281906202152839,0.02281906202152839
6194-HBGQN,0.01121999077131286,0.022787295866158352
7156-MXBJE,0.009516819715043034,0.022733758037654317
0804-YGEQV,0.00951578686107346,0.022731307318114125
9470-YFUYI,0.022719936521342188,0.022719936521342188
7762-ONLJY,0.012139814136899463,0.02266209085520332
4700-UBQMV,0.011079197324778245,0.022628698696678495
4451-RWASJ,0.011083882392527777,0.022612188307407854
5804-JMYIO,0.01019246918647021,0.022564977251137264
5474-LAMUQ,0.011244984070095887,0.022540475911022484
9766-HGEDE,0.010917146612766992,0.02251261362925161
7328-OWMOM,0.008802602474958565,0.02249785409949201
6374-AFWOX,0.00918903112884717,0.022485087426877937
6508-NJYRO,0.011014974019193824,0.022472427592127975
1106-HRLKZ,0.010039011199273862,0.022461054649529744
0661-WCQNQ,0.010461221084755112,0.022446769302187586
1177-XZBJL,0.011541250104587286,0.022410583715202548
6933-VLYFX,0.008761016373080688,0.02239230284868643
2428-HYUNX,0.009351296162647071,0.022390963294396826
5032-USPKF,0.011045177918275084,0.022384280927827294
0384-LPITE,0.010000459233197923,0.02237534162549326
1265-BCFEO,0.022371103843520146,0.022371103843520146
6823-SIDFQ,0.010457208047481514,0.022338808434520296
4002-BQWPQ,0.010710077150709707,0.02233298662867378
2969-WGHQO,0.012003620386824898,0.022274228870533985
0323-XWWTN,0.011935604801495692,0.022255983619241415
6682-VCIXC,0.009315439457813102,0.022255862159948347
2885-HIJDH,0.022211507278811826,0.022211507278811826
6478-HRRCZ,0.008970651784527717,0.022138407536957838
0895-LNKRC,0.011853767352320244,0.02213090322244493
8752-IMQOS,0.011381898924992195,0.022126867546144124
2351-RRBUE,0.01189527854195993,0.022074228146523933
5375-XLDOF,0.022045264485483163,0.022045264485483163
7100-FQPRV,0.009220234787982173,0.02202988425737573
7319-ZNRTR,0.010547103113368483,0.021995125329897558
1069-QJOEE,0.010547018060422575,0.021994948990780694
2819-GWENI,0.010285001783226444,0.021973124159528568
8148-NLEGT,0.008649053236656434,0.021971409919553597
0164-XAIRP,0.010919994981202441,0.02189267213234125
9392-XBGTD,0.010874383361183626,0.021866890750202317
0635-WKOLD,0.009711984523805728,0.02173383994709488
8318-LCNBW,0.009985945700813459,0.02170591287568968
3200-MNQTF,0.021695431300093992,0.021695431300093992
4118-CEVPF,0.009972288287463993,0.021676402957458096
4589-IUAJB,0.021656415646900795,0.021656415646900795
6010-DDPPW,0.02165589468966267,0.02165589468966267
0732-OCQOC,0.012198151476577102,0.021617881553447238
0263-FJTQO,0.01063260912201247,0.021585753038817823
0186-CAERR,0.021581819321549123,0.021581819321549123
6647-ZEDXT,0.00880569291475053,0.021572676629436516
7055-JCGNI,0.02155799752013765,0.02155799752013765
3750-YHRYO,0.011614881728205018,0.02155652317428358
2650-GYRYL,0.009289408400314003,0.021520242471203654
0725-CXOTM,0.010891250995205826,0.021499043252926064
0607-MVMGC,0.009485207702219944,0.021467140215686076
1172-VIYBP,0.01105118441920494,0.021464021298591818
3563-SVYLG,0.021459057278881644,0.021459057278881644
5149-CUZUJ,0.010042663764773585,0.021458389507810316
2378-YIZKA,0.02139921469978423,0.02139921469978423
8659-IOOPU,0.02139627730996596,0.02139627730996596
5010-IPEAQ,0.02139020899065991,0.02139020899065991
5736-YEJAX,0.021385425453123608,0.021385425453123608
9705-ZJBCG,0.010885019454185518,0.021359140153909384
6892-BOGQE,0.021340376032642272,0.021340376032642272
7446-KQISO,0.009394842332694275,0.021263855362617212
6603-YRDCJ,0.009165941337171524,0.021235965439218685
2812-ENYMO,0.010312109151093929,0.021224733556663877
9365-CSLBQ,0.021202678855671286,0.021202678855671286
0835-DUUIQ,0.010570140331952138,0.02119506184660891
9489-DEDVP,0.02117100287143958,0.02117100287143958
3468-DRVQJ,0.01131515505551528,0.02115355758694193
2773-MADBQ,0.010710292375429087,0.02114372952718746
6953-PBDIN,0.02114096321422121,0.02114096321422121
7375-WMVMT,0.02112647731685513,0.02112647731685513
9786-IJYDL,0.009705334371654328,0.021099491883056598
7977-HXJKU,0.010316058592348853,0.02107855042648321
1088-AUUZZ,0.006248430358731238,0.021059150049241304
9442-JTWDL,0.011590212032955183,0.02098372140872118
6898-RBTLU,0.009449202616290453,0.020962875191269492
8189-DUKMV,0.011217373832931532,0.020892264803099914
2253-KPMNB,0.020875182016421245,0.020875182016421245
9754-CLVZW,0.010132575453447146,0.020857223832095206
7508-KBIMB,0.010396963014828065,0.020849653471415763
4915-BFSXL,0.020775362884273063,0.020775362884273063
9928-BZVLZ,0.011126765199649169,0.02076785443720175
4537-CIBHB,0.011431932496322794,0.020755251105602723
7336-RLLRH,0.010302490129826314,0.020722979762483718
4522-XRWWI,0.008141583871229652,0.02069047579739658
0463-TXOAK,0.011647165570321083,0.020645878638413606
5996-NRVXR,0.009221297636303971,0.02064212735893378
4335-UPJSI,0.010255287009826697,0.020567029917702095
2592-HODOV,0.010473885063805755,0.02055652350884274
6543-JXSOO,0.010032378272982534,0.02052016645448096
9621-OUPYD,0.009815208412625731,0.020477082083848797
1635-HDGFT,0.010673686258601767,0.02038626613462613
3887-PBQAO,0.008976773051904363,0.02032306347772861
1544-JJMYL,0.010097793664661792,0.020313378025749507
3131-NWVFJ,0.010240955747160774,0.020282517285016177
5249-QYHEX,0.0090327922678346,0.020222548209838376
5993-BQHEA,0.010829313334853041,0.0202153148387334
9730-DRTMJ,0.008184877505748589,0.020211044376591825
2809-ILCYT,0.009686205309126117,0.02020938542990247
3724-BSCVH,0.010799083477343818,0.020193372703812607
4795-UXVCJ,0.009804394089232726,0.020185244515537826
0020-INWCK,0.020181838038755173,0.020181838038755173
8200-KLNYW,0.009872245164792237,0.020176461315975835
9674-EHPPG,0.008239499729706279,0.020175698093110705
4652-ODEVH,0.00890974397844968,0.020172179103066012
2907-ILJBN,0.011131009344645393,0.020156162465749694
3523-BRGUW,0.009773068216575087,0.020121089664070446
7244-KXYZN,0.01002590252151947,0.02010935321277285
1839-FBNFR,0.009073406961891406,0.020101366290588896
4774-HHGGS,0.008197148643382834,0.020090821471680842
5876-QMYLD,0.009801617437317667,0.020050625086245555
0829-DDVLK,0.009820453238981064,0.020048059321574385
8608-OZTLB,0.009881229145566661,0.02003757646057147
6061-PQHMK,0.009598066019062212,0.020026463998634503
3452-FLHYD,0.009583411874208747,0.01999604952816003
1136-XGEQU,0.009836589998378331,0.01997803897246564
1178-PZGAB,0.010435259164176647,0.019933077476521177
7605-BDWDC,0.007773665555057541,0.019884223373807797
5701-GUXDC,0.009644854697558047,0.019858487943634207
6257-DTAYD,0.01985085613404791,0.01985085613404791
1757-TCATG,0.009127356597523173,0.019849798284090503
9845-QOMAD,0.009999303459896747,0.019806300387536613
8779-YIQQA,0.009685723591752238,0.019797212836316525
2516-XSJKX,0.0086676503233164,0.019780120564382053
4323-ELYYB,0.010058645167834945,0.019745562782901183
6369-MCAKO,0.01970726864816641,0.01970726864816641
0191-EQUUH,0.009440278711728367,0.019698952700308636
0020-JDNXP,0.008942415754421895,0.019694553344013488
1403-GYAFU,0.019678853802133855,0.019678853802133855
4957-SREEC,0.01967869584563675,0.01967869584563675
4584-LBNMK,0.008682465999982902,0.019660472819261532
1137-DGOWI,0.00801204148454926,0.01963980592863912
4359-INNWN,0.009503658796303993,0.019612772873078832
6082-OQFBA,0.009570436298713236,0.01958011259149406
3279-DYZQM,0.01957803978674899,0.01957803978674899
0831-JNISG,0.019577856438905306,0.019577856438905306
6479-OAUSD,0.009371562269714584,0.019556303485704585
9746-MDMBK,0.008434690825633084,0.01954802596669203
7162-WPHPM,0.0037483188508193876,0.019533115550081637
2335-GSODA,0.009540709438370043,0.01951960244128137
2775-SEFEE,0.012595612187906613,0.01948261777540683
6161-ERDGD,0.0194189673534082,0.0194189673534082
3125-RAHBV,0.009030243471624844,0.019392449333892392
8859-AXJZP,0.008743358468083384,0.019374113135849913
9575-IWCAZ,0.010349955657802723,0.019336113869157234
8174-LNWMW,0.007553930536550735,0.019325515434030494
8194-PEEBY,0.009628660150075241,0.019316505148293195
1402-PTHGN,0.0095516532835076,0.01931186392673756
0496-AHOOK,0.009612621930460863,0.01928448800091731
4311-QTTAI,0.010128065234877415,0.01928316575912703
5696-JVVQY,0.00906135337393732,0.019281193320374812
1099-GODLO,0.010828532175111927,0.019271848660629587
7601-GNDYK,0.008855084505298705,0.019260796446402106
5845-BZZIB,0.008854965389852643,0.019260538723851917
0422-OHQHQ,0.009431058607978438,0.019257088703633962
5829-NVSQN,0.009404329539376532,0.019241971402174207
7632-YUTXB,0.009217522630010189,0.01923649144895323
1087-GRUYI,0.009468180116336433,0.01920411540821454
9891-NQDBD,0.008979304211814254,0.01919806372802646
2077-DDHJK,0.019197886037666367,0.019197886037666367
9558-IHEZX,0.019171400770015223,0.019171400770015223
6340-DACFT,0.009395271076410028,0.019086130099494114
2834-JKOOW,0.009328292853760245,0.019048287826216925
1970-KKFWL,0.008692795594467673,0.018909628117133703
7634-HLQJR,0.008154563677970295,0.018902346003455306
9081-WWXKP,0.008154519785353309,0.01890224481401126
1834-WULEG,0.009401349343988286,0.018862674707429194
9867-JCZSP,0.009126706156501907,0.01883868429724378
1272-ILHFG,0.00920870062872936,0.01880527000236787
1459-QNFQT,0.01879591235036515,0.01879591235036515
6371-NZYEG,0.00985894612701066,0.018773098336899663
5743-KHMNA,0.01876850280451714,0.01876850280451714
6754-WKSHP,0.007652306357450955,0.018762954630042183
4472-LVYGI,0.012101581128217687,0.018721032931696135
3441-CGZJH,0.007826498108052249,0.01871821645631966
1389-WNUIB,0.009641774057987051,0.01871791482860674
3298-QEICA,0.009143906416604786,0.01871171115213366
1561-BWHIN,0.009785397554868736,0.018697347743177217
8748-HFWBO,0.00978537124116774,0.018697297691850023
4710-NKCAW,0.00959249064948775,0.018664206437798536
4654-ULTTN,0.018638240799701555,0.018638240799701555
4632-PAOYU,0.008672231043178047,0.018627497352255218
2749-CTKAJ,0.008672184376373626,0.01862739762014054
2212-LYASK,0.009251155815800827,0.01861831907058409
2160-GPFXD,0.00764964397845358,0.01857744878704115
5726-CVNYA,0.009815973152610402,0.01857364332528011
6582-PLFUU,0.009130783789473296,0.018564526013765903
5480-XTFFL,0.007254145594787986,0.018562955024071792
3315-IKYZQ,0.008679402622461474,0.018560075030329637
1299-AURJA,0.01855736610433334,0.01855736610433334
5453-YBTWV,0.018552820963341987,0.018552820963341987
9348-ROUAI,0.0037253320747385743,0.018522631412844937
1131-ALZWV,0.009228934254547072,0.018518374059718457
6762-NSODU,0.007536791263781151,0.018464530799382928
6114-TCFID,0.008339632166244115,0.01843914371462263
7108-DGVUU,0.009004988219745047,0.018412455768424207
8292-ITGYJ,0.008122757611237486,0.01839967533921416
7951-VRDVK,0.009306028403195832,0.01838427045469182
5709-LVOEQ,0.011864904103928597,0.018356103546851466
6925-BAYGL,0.009430607032742788,0.01833069196386017
6258-PVZWJ,0.01825665172117419,0.01825665172117419
8908-SLFCJ,0.008920508302176056,0.0182405360924357
7663-ZTEGJ,0.008235994434321658,0.01821115590254141
4487-ZYJZK,0.008958930007549548,0.018176040494306323
5465-BUBFA,0.007951728736369845,0.018154787726452293
9938-PRCVK,0.00795164312615304,0.01815459327757951
4403-BWPAY,0.009147418521552764,0.018126597753749363
9975-GPKZU,0.007358681110477994,0.018030532490275752
5970-GHJAW,0.00735864148585641,0.01803043592487985
5027-YOCXN,0.008850462768619227,0.017997225193623567
5524-KHNJP,0.007755221884396923,0.01798450323059808
0839-QNXME,0.007307264833850691,0.01792148099425528
2208-NKVVH,0.0074877209913495335,0.01791225751923864
5849-ASHZJ,0.008888099809228556,0.017890988601837576
9477-LGWQI,0.01787566572539545,0.01787566572539545
3146-JTQHR,0.009553994652468645,0.017874990920309197
4635-EJYPD,0.00722290265715142,0.01784840497029927
3508-CFVZL,0.017835103021864085,0.017835103021864085
3769-MHZNV,0.007667201722492911,0.01778142801786875
4950-HKQTE,0.008258570630793272,0.017743245655896467
7061-OVMIM,0.0072332814243979415,0.017740997350550902
5939-SXWHM,0.00828212061980993,0.0176309575997311
2138-VFAPZ,0.008844523116141145,0.017529019363239806
7161-DFHUF,0.017515102503875224,0.017515102503875224
1407-DIGZV,0.009375016503526457,0.017501019088845715
2521-NPUZR,0.01749520720269182,0.01749520720269182
3521-HTQTV,0.007929958189845765,0.017475524213421245
2718-YSKCS,0.017437600146358867,0.017437600146358867
1245-HARPS,0.008789143818808687,0.017419742706028862
0969-RGKCU,0.009091555997883916,0.017400656943471482
3213-VVOLG,0.011210329160086796,0.01734657117863525
4367-NUYAO,0.011210208665697774,0.017346385309575663
6765-MBQNU,0.00841860794439786,0.017345101915868133
2927-CVULT,0.008919294034701597,0.017341072154959947
4075-WKNIU,0.011206576112727684,0.01734078189585997
8143-ETQTI,0.008464960764243523,0.01732858443526919
6518-KZXCB,0.00806376569744105,0.017326677294427828
0810-BDHAW,0.0086299404410628,0.017321752943164626
4644-PIZRT,0.008376965716853424,0.017298119260966804
6100-FJZDG,0.00838156831584247,0.01726913159670218
0936-NQLJU,0.0075413982066158125,0.017222543000304458
4641-FROLU,0.007017272203313829,0.017213926778487765
1270-XKUCC,0.007017196618062438,0.017213742318232583
1680-VDCWW,0.009200784389064243,0.017187618777471436
7349-ALMUX,0.008941375686389752,0.017114411769494575
8469-SNFFH,0.017080599783177552,0.017080599783177552
9068-FHQHD,0.007602972601459701,0.017036773051302023
9150-KPBJQ,0.009071174754869182,0.01695660626345885
2911-IJORQ,0.008856557958696443,0.016952730660390714
4000-VGMQP,0.008315893427081167,0.016877093440371138
4304-XUMGI,0.008275778809010315,0.016821771034900568
3373-DIUUN,0.006851101737298859,0.016808350245858694
0839-JTCUD,0.01680456071699299,0.01680456071699299
6870-ZWMNX,0.01678014595514432,0.01678014595514432
9885-MFVSU,0.007684845688583852,0.016727051200194132
1089-XZWHH,0.00831544593586142,0.016693187222000194
8200-LGKSR,0.01667842425889554,0.01667842425889554
8328-SKJNO,0.008129419254642944,0.01664466032821743
6439-PKTRR,0.01662826949499685,0.01662826949499685
9945-PSVIP,0.00796040262106068,0.01662445994494799
5915-ANOEI,0.016572983140591302,0.016572983140591302
0754-EEBDC,0.008883826293264119,0.01656297693703379
8879-XUAHX,0.016550758846169966,0.016550758846169966
8999-YPYBV,0.0072746982863644005,0.016487607525592307
0219-QAERP,0.006697990227606976,0.016434558986133885
7305-ZWMAJ,0.006697827873700879,0.016434162586577372
0625-AFOHS,0.007425493190763577,0.016427167486544048
5676-CFLYY,0.016426607666853443,0.016426607666853443
6064-PUPMC,0.008017275221474995,0.016416026039987597
7471-MQPOS,0.016376279033467833,0.016376279033467833
2587-YNLES,0.008711359202062452,0.0162865893266112
1328-EUZHC,0.008009417573147659,0.016206664594568765
9548-LERKT,0.008068372005971658,0.016199229828581463
4023-RTIQM,0.006324411464898594,0.01619569282589406
8874-EJNSR,0.007262449573040786,0.01610730852021991
6252-DFGTK,0.008360047416034244,0.0160060172366725
8690-UPCZI,0.007196220889215121,0.01592219464246214
8314-HTWVE,0.008535860926535577,0.01586327558793743
5073-RZGBK,0.007779105405222975,0.01581631357557023
3399-BMLVW,0.0077628872294667195,0.0157946554989844
5338-YHWYT,0.00823287089639968,0.01576345514532429
7696-CFTAT,0.008226389192804384,0.015751091909815274
6505-OZNPG,0.00839034188807286,0.015688639056841147
4922-CVPDX,0.007608765225539327,0.01568337752038651
7816-VGHTO,0.008378942108272502,0.015667401874317144
8571-ZCMCX,0.006736579631674289,0.015630235033656015
0074-HDKDG,0.0074694687935219495,0.015603415453008473
4565-NLZBV,0.01559813150191336,0.01559813150191336
5989-OMNJE,0.007745629060401327,0.015553804416831407
9350-ZXYJC,0.008323045043282518,0.015521268240764718
8205-VSLRB,0.015494077604520706,0.015494077604520706
9871-ELEYA,0.0070052530890099,0.015446419993185967
2005-DWQZJ,0.00815462084228713,0.015441657748684667
2229-DPMBI,0.008154522083540505,0.015441471427897313
1064-FBXNK,0.00864163342469848,0.015393078446491848
5171-EPLKN,0.007627551898265472,0.01536354767296777
2346-CZYIL,0.007627449231547123,0.015363341689021981
7089-RKVSZ,0.008099389138025548,0.015337453589065575
4573-JKNAE,0.008192141728613822,0.015310203740132367
8100-PNJMH,0.015273210675867288,0.015273210675867288
1568-LJSZU,0.015271838687237582,0.015271838687237582
6203-HBZPA,0.00860258202802655,0.015267253287084004
6510-UPNKS,0.007448277700558115,0.01525555837640391
9917-KWRBE,0.006645545771087336,0.015185488635797939
2316-ESMLS,0.008121455854235737,0.015178571412319153
6609-MXJHJ,0.006163638941828142,0.015129384945121727
4609-KNNWG,0.00750208997169044,0.015111812627069288
3487-EARAT,0.01507859211605389,0.01507859211605389
5647-URDKA,0.007961904441264989,0.015078042243767076
0224-NIJLP,0.007961808007082682,0.015077860276727306
4500-HKANN,0.007357535163832973,0.015070424428190399
3088-FVYWK,0.007721801507776127,0.015021483801569313
2642-MAWLJ,0.007593375785862944,0.015013593664248037
0254-KCJGT,0.008443270104979694,0.014985453944526328
8722-PRFDV,0.014917712867401622,0.014917712867401622
3352-RICWQ,0.00820276146235488,0.014912461687519585
5057-RKGLH,0.008202629010151008,0.014912221709437068
3280-NMUVX,0.006761018761248572,0.014910107046246401
3655-SNQYZ,0.014899402342668178,0.014899402342668178
1494-EJZDW,0.007935349336915865,0.014857207708757536
4854-SSLTN,0.0081425915984642,0.014856207186658033
4817-KEQSP,0.014844765717219821,0.014844765717219821
3642-BYHDO,0.01484474580899764,0.01484474580899764
0264-CNITK,0.014844666176373922,0.014844666176373922
8229-BUJHX,0.01484450691239858,0.01484450691239858
6732-VAILE,0.01479815367376991,0.01479815367376991
9330-DHBFL,0.007220229109493381,0.014790257073790669
8146-QQKZH,0.01477344731528607,0.01477344731528607
3823-KYNQY,0.00790372436932052,0.014773056856745903
7277-KAMWT,0.007514061270480599,0.014768779821937028
0310-SUCIN,0.014750890975787967,0.014750890975787967
1093-YSWCA,0.008120135302927656,0.01472227253806635
1337-BOZWO,0.007229093524503072,0.01463362946712643
0013-SMEOE,0.014615371323051352,0.014615371323051352
6813-GZQCG,0.00643898071172555,0.01460132421625815
2466-FCCPT,0.0075022746334219015,0.014579307298526523
7473-ZBDSN,0.007346997938042499,0.014571912892170968
9424-CMPOG,0.00800908441329451,0.014561527667425245
6727-IOTLZ,0.0073362786380293254,0.014550729952930164
0854-UYHZD,0.007390558625838373,0.01452691297172004
1843-TLSGD,0.007390299958032087,0.014526406367494915
0907-HQNTS,0.014499726018799453,0.014499726018799453
9479-HYNYL,0.014491425871173913,0.014491425871173913
8106-GWQOK,0.007132665151900586,0.014484662214838795
8590-YFFQO,0.014425444963844236,0.014425444963844236
5318-YKDPV,0.006023096186696941,0.014423430851895236
2805-AUFQN,0.006885027528087395,0.01438717120458377
0394-YONDK,0.014379880500790199,0.014379880500790199
9715-SBVSU,0.007246704071521393,0.01437370836063967
9470-RTWDV,0.006967312589809094,0.014366144528453417
0269-XFESX,0.006983775273326942,0.014307686810277942
6169-PPETC,0.006546834243695621,0.014259680268966513
2233-TXSIU,0.006879248503965263,0.014216864976839716
1934-MKPXS,0.006116699391117697,0.014200263566827909
8075-GXIUB,0.007804690728072439,0.014191114343091393
8332-OSJDW,0.007589834835421971,0.014188315336832291
8450-LUGUK,0.007401350638491011,0.014176800805206669
8766-PAFNE,0.014150879273211459,0.014150879273211459
0486-LGCCH,0.007797968382330933,0.014140038865704696
4973-RLZVI,0.0057543902537570135,0.01412908310709271
8966-OIQHG,0.006566706798442512,0.014122221639319199
0825-CPPQH,0.01408206261095446,0.01408206261095446
1591-XWLGB,0.014081779223207636,0.014081779223207636
6923-AQONU,0.006864931092014692,0.014065096088941575
4332-MUOEZ,0.007226456730064723,0.01404515275443996
5442-PPTJY,0.007461368847534566,0.013948950686282102
2798-NYLMZ,0.01392384705402594,0.01392384705402594
7554-NEWDD,0.007425818383509419,0.013906348061631602
8173-RXAYP,0.006907022542086749,0.013875751224926014
1401-FTHFQ,0.006753617228859254,0.01383784881916117
0114-IGABW,0.013819798701670827,0.013819798701670827
7267-FRMJW,0.0066116645161791165,0.013818022761302062
1223-UNPKS,0.00710619158780712,0.01381220068479938
6840-RESVB,0.006870466872075043,0.013802570501095235
6072-NUQCB,0.006411594455956959,0.013789883373142353
9139-TWBAS,0.006683369027636998,0.013782771291283802
2333-KWEWW,0.006806492673218201,0.013781186534863155
5696-EXCYS,0.006656204296410118,0.013757568626034722
8999-EXMNO,0.007189372533509708,0.013753494490526652
9347-AERRL,0.006711538676923645,0.013751938441489475
2535-PBCGC,0.01371845058011345,0.01371845058011345
9224-VTYID,0.005903983969448023,0.013706055400181438
4685-TFLLS,0.00673763476027478,0.013642255367784961
0859-YGKFW,0.006737589395547139,0.013642163834367005
3407-JMJQQ,0.013631410787198983,0.013631410787198983
3050-RLLXC,0.004030281349998055,0.013619487142088826
8884-MRNSU,0.006588737502905451,0.013618618052790188
3594-BDSOA,0.0067522745483596935,0.01356594279145984
1492-KGETH,0.013555844454582022,0.013555844454582022
2892-GESUL,0.006694625585293212,0.013555472863992057
7469-LKBCI,0.0070941604707027706,0.013525610320424652
3282-ZISZV,0.005466275033326529,0.013525298314168266
4213-HKBJO,0.005824687946337281,0.013524977658346038
7049-GKVZY,0.006535023462398759,0.013507984578280952
2266-FUBDZ,0.006605390505334707,0.013507555681078864
4804-NCPET,0.007019500252976152,0.013429575995666743
4707-YNOQA,0.006082215179382677,0.01341868437665572
6527-PZFPV,0.006634094287901071,0.013329310627359758
0661-KQHNK,0.007118850403933674,0.013318598692548145
1699-TLDLZ,0.0069773096411345215,0.01330353646890614
8007-YYPWD,0.0064838479254349934,0.013259860190720896
4374-YMUSQ,0.0060092538589267,0.013258304903298157
6418-HNFED,0.006508004301129522,0.013250122718920898
3720-DBRWL,0.006507899124771899,0.01324990931169212
5322-ZSMZY,0.005166696354503508,0.013243075995905573
6164-HAQTX,0.013242609720291676,0.013242609720291676
2000-DHJUY,0.013201229286721516,0.013201229286721516
3911-RSNHI,0.013190196075663518,0.013190196075663518
7492-TAFJD,0.007071465253587261,0.013150166122719908
1557-EMYVT,0.005474769102247201,0.013115422184293068
7552-KEYGT,0.006478940272408584,0.01305768365079174
8690-ZVLCL,0.013000455968424807,0.013000455968424807
8050-DVOJX,0.005842600041992108,0.012990614303418191
6696-YDAYZ,0.00681229322691268,0.01298988376881971
4443-EMBNA,0.012964261352513828,0.012964261352513828
9153-BTBVV,0.012964174338174983,0.012964174338174983
4701-LKOZD,0.012951902626792022,0.012951902626792022
3078-ZKNTS,0.006578086293475227,0.01293504221767039
3812-LRZIR,0.006415637162080823,0.012930521945987872
6463-HHXJR,0.012928050066424057,0.012928050066424057
6827-IEAUQ,0.006398546994795917,0.012896190225762272
2595-KIWPV,0.006375140732661877,0.012849169388134518
2176-LVPNX,0.012843804302140827,0.012843804302140827
6551-VLJMV,0.0058011576398698805,0.012800800952985969
5656-MJEFC,0.005000145792560917,0.012738244000785715
7779-ORAEL,0.005609789589493985,0.012727768133631412
5846-ABOBJ,0.012658930106071331,0.012658930106071331
1131-QQZEB,0.012618542012185152,0.012618542012185152
3836-FZSDJ,0.012618237063217963,0.012618237063217963
1043-UXOVO,0.012600799432782028,0.012600799432782028
6614-YOLAC,0.012569269021982632,0.012569269021982632
5846-NEQVZ,0.012468677809356454,0.012468677809356454
5855-EIBDE,0.005601764354993821,0.012456984911641933
7014-ZZXAW,0.012374603285034258,0.012374603285034258
9964-WBQDJ,0.012374553436072078,0.012374553436072078
3612-YVGSJ,0.012374536819795612,0.012374536819795612
2961-VNFKL,0.012374038341813165,0.012374038341813165
7639-OPLNG,0.012342576530533056,0.012342576530533056
3230-JCNZS,0.012340360102652492,0.012340360102652492
7677-SJJJK,0.006505724480435848,0.012328479039181328
8595-SIZNC,0.005713381170912246,0.012293171584088824
4730-AWNAU,0.006202095209072556,0.01227119035834201
6663-JOCQO,0.00477412089917717,0.012240629713563767
5149-QYTTU,0.012226184187952294,0.012226184187952294
3870-SPZSI,0.012164766772975177,0.012164766772975177
3396-DKDEL,0.012164080666397292,0.012164080666397292
2706-QZIHY,0.0059050398273191584,0.012079851325660251
6199-IPCAO,0.005416798495642694,0.011998164620421914
9803-FTJCG,0.01197008252856191,0.01197008252856191
6695-AMZUF,0.011955096803852983,0.011955096803852983
4664-NJCMS,0.005132396875255907,0.011922977037593041
2245-ADZFJ,0.004647000219168307,0.011915892082261959
2999-AANRQ,0.005816020529956556,0.011912072924391115
4872-JCVCA,0.011910265628232941,0.011910265628232941
3795-CAWEX,0.011876939109207396,0.011876939109207396
8208-EUMTE,0.006221411498725793,0.011866383241036504
3898-BSJYF,0.006329766780202806,0.011859500520646882
3429-IFLEM,0.011818186762881933,0.011818186762881933
3275-RHRNE,0.005512285650046245,0.011809039188653836
7929-SKFGK,0.011803621267590603,0.011803621267590603
5494-WOZRZ,0.011792669471504924,0.011792669471504924
3173-WSSUE,0.011775917424667659,0.011775917424667659
1052-QJIBV,0.011775854155824494,0.011775854155824494
7037-MTYVW,0.00578280624078753,0.011751694519326006
3978-YNKDD,0.006109106276332654,0.011692736239838797
6479-SZPLM,0.005876836171266664,0.011629514984969447
3283-WCWXT,0.006205802845810182,0.01161504977635841
6283-GITPX,0.01161212633823272,0.01161212633823272
7527-QNRUS,0.005614184532299671,0.011610356089959306
3451-VAWLI,0.005314674950521514,0.011584399344296448
4086-WITJG,0.01149831780331656,0.01149831780331656
3996-ZNWYK,0.011461426323957635,0.011461426323957635
4508-OEBEY,0.004465374972050573,0.011451805918070379
0945-TSONX,0.004923796078086462,0.01143803116313169
7337-CINUD,0.0060284776087128344,0.011426549891857984
5003-OKNNK,0.005527214489141397,0.011309193479070223
0513-RBGPE,0.005891801718407752,0.011293242113618152
9717-IOAAF,0.00559934792372041,0.011290038662907564
2030-BTZRO,0.006001311302568424,0.011233324699273628
1866-DIOQZ,0.011156905606145684,0.011156905606145684
7665-NKLAV,0.005632929718740853,0.011148197429901141
9867-XOBQA,0.005431480476769113,0.01112673967893818
9415-ZNBSX,0.011075164015457606,0.011075164015457606
1904-WAJAA,0.005506830675764407,0.011070754643749181
7649-SIJJF,0.011049497936625241,0.011049497936625241
7321-ZNSLA,0.00558121765727515,0.01098015442902589
9194-GFVOI,0.004302113403002239,0.010965925237387153
0942-KOWSM,0.0044331294141863875,0.010895483777300319
9950-MTGYX,0.00508201555074328,0.01088996474376458
7711-GQBZC,0.01084035436543307,0.01084035436543307
3261-CQXOL,0.010840135854806143,0.010840135854806143
2176-OSJUV,0.01076542642974565,0.01076542642974565
3372-CDXFJ,0.00542615209916919,0.010675895049517936
2511-ALLCS,0.004891222119516536,0.010664084278183439
3070-FNFZQ,0.005197231470780439,0.010657669195213937
8277-RVRSV,0.0045695818931669185,0.010619497413246082
6516-NKQBO,0.005218055576167613,0.010607138270238181
5197-LQXXH,0.010582456373102622,0.010582456373102622
1734-ZMNTZ,0.005826645522540974,0.01057400804027131
0064-SUDOG,0.005649021394726672,0.010569197800723185
1535-VTJOQ,0.00524672633431944,0.010549246829704484
4254-QPEDE,0.005932204552702047,0.01053907965151657
3389-KTRXV,0.005129201574638587,0.010518543006958536
2808-CHTDM,0.005129028761612808,0.010518189578694659
8174-TBVCF,0.010503254589908417,0.010503254589908417
3486-HOOGQ,0.010503224643988784,0.010503224643988784
3841-NFECX,0.01046067264255457,0.01046067264255457
8975-SKGRX,0.01045387440724177,0.01045387440724177
2729-VNVAP,0.0044918365362167645,0.010439362012093834
8029-XYPWT,0.01042063839908225,0.01042063839908225
4896-CPRPF,0.004775378845850109,0.010412234273041387
9435-JMLSX,0.010338973391419093,0.010338973391419093
6828-HMKWP,0.005515339709854183,0.010319687961455326
1987-AUELQ,0.01028201352149083,0.01028201352149083
2169-RRLFW,0.010281861490336608,0.010281861490336608
4957-TIALW,0.00502115819611193,0.010276497717053412
6963-EZQEE,0.010224320884078986,0.010224320884078986
5622-UEJFI,0.004667683922508825,0.010178068051607148
2400-XIWIO,0.010174541067695775,0.010174541067695775
3896-ZVNET,0.005038347177120928,0.010131347763282506
7998-WNZEM,0.010078167722424869,0.010078167722424869
3129-AAQOU,0.00524444639837196,0.010041792639641223
1635-NZATJ,0.01000713605179715,0.01000713605179715
1092-WPIVQ,0.004883173539095065,0.009896863534142097
3460-TJBWI,0.0049192468236830544,0.009892455111592868
4116-IQRFR,0.005295969933241884,0.009889297990555712
4393-GEADV,0.009868775127560792,0.009868775127560792
5859-HZYLF,0.004764298890415963,0.009835288423959865
2498-XLDZR,0.003961786892453301,0.00981369116637576
9695-IDRZR,0.004440628792317325,0.009806783247622963
8067-NIOYM,0.004872047009370828,0.009797773225063366
6368-TZZDT,0.005205933476795543,0.009721553161870289
1354-YZFNB,0.005205926461022137,0.009721540090430247
3472-QPRCH,0.004291595244318769,0.009636626607057441
8099-MZPUJ,0.004500692685537877,0.009601779614232475
7996-BPXHY,0.004798156279918531,0.00944321132942183
1084-MNSMJ,0.004625729222835329,0.009427134784578572
9650-VBUOG,0.004576185572860991,0.009305468134501615
1506-YJTYT,0.00409709801155167,0.009304701112386682
1621-YNCJH,0.004696175281932891,0.009298554104577583
0774-RMNUW,0.009297355818062014,0.009297355818062014
5788-YPOEG,0.004190901932081159,0.0092566872334916
7401-JIXNM,0.0037848315586960224,0.009217317092246602
5583-EJXRD,0.003821374258806909,0.009185839660788786
0056-EPFBG,0.004691316912441401,0.009128944031601582
3549-ZTMNH,0.00484433905780135,0.009066856832501635
8612-GXIDD,0.004844156230687902,0.009066515373585493
9028-LIHRP,0.009004222856246802,0.009004222856246802
6253-GNHWH,0.008972050382609509,0.008972050382609509
2995-YWTCD,0.004667462788621735,0.008939391243261596
3082-YVEKW,0.004334459075275521,0.00889249113731172
5129-HHMZC,0.0036943575906495107,0.008861344251750669
8148-WOCMK,0.004664750172025167,0.008847147894638474
9178-JHUVJ,0.0043778914233219,0.008806233020418053
3726-TBHQT,0.008739898759116405,0.008739898759116405
2223-GDSHL,0.00873941672043943,0.00873941672043943
1431-AIDJQ,0.0037479075189261746,0.008714737184338017
8606-OEGQZ,0.004249309034300763,0.008615015969491768
1555-HAPSU,0.008595873247428387,0.008595873247428387
5003-XZWWO,0.008583997966047252,0.008583997966047252
6122-LJADA,0.008574496435257872,0.008574496435257872
7579-KKLOE,0.008529932032736443,0.008529932032736443
5158-RIVOP,0.004679068616886495,0.0084954255735753
1568-BEKZM,0.008493626883440242,0.008493626883440242
3669-WHAFY,0.008489565272881694,0.008489565272881694
8966-KZXXA,0.004286198065944102,0.008488505105058053
4973-MGTON,0.008396332209013035,0.008396332209013035
0562-HKHML,0.008392919808915433,0.008392919808915433
0174-QRVVY,0.00839259233079337,0.00839259233079337
4994-OBRSZ,0.004218143584904022,0.008379208933198878
7850-THJMU,0.004051979457638022,0.00836798983082132
4782-OSFXZ,0.008341962717978268,0.008341962717978268
5248-KWLAR,0.008304797227339344,0.008304797227339344
0795-LAFGP,0.008304786052849122,0.008304786052849122
0354-VXMJC,0.004021260867168586,0.008251307411532238
6867-ACCZI,0.004052721462609821,0.008153495461952764
3957-SQXML,0.0036210217276667622,0.008000732931584986
2599-CIPQE,0.0078875687219917,0.0078875687219917
5781-RFZRP,0.007882480643164436,0.007882480643164436
1301-LOPVR,0.003474836414842697,0.0077058937471488065
5227-JSCFE,0.007636445082901733,0.007636445082901733
6427-FEFIG,0.003742009460599105,0.007529578094187528
7021-XSNYE,0.0040020360978502145,0.007452144252739323
5322-TEUJK,0.007435384130785816,0.007435384130785816
1982-FEBTD,0.003617027012345675,0.007423439359508399
1371-DWPAZ,0.0047407300353774495,0.007348857373634665
5840-NVDCG,0.003838872763465506,0.007330044694143556
5377-NDTOU,0.007256798462234149,0.007256798462234149
8619-IJNDK,0.007207797171789765,0.007207797171789765
6997-UVGOX,0.007179644891104453,0.007179644891104453
9648-BCHKM,0.0034436109734602427,0.006984458226805379
6461-SZMCV,0.006419183795991934,0.006419183795991934
9108-EQPNQ,0.0033902088627953963,0.0063601526882733905
7398-HPYZQ,0.006267021715812504,0.006267021715812504
5197-YPYBZ,0.003264590316196858,0.006114372879058805
8221-HVAYI,0.0027855123249042046,0.006080717318730944
0975-UYDTX,0.0029357436931941594,0.006066409977622533
9258-CNWAC,0.005893821054257731,0.005893821054257731
4883-KCPZJ,0.0027205372219871737,0.005863811575931077
6365-HITVU,0.005828327644993858,0.005828327644993858
4526-RMTLL,0.0030487617782106735,0.00578648782043234
0071-NDAFP,0.0027567987430405783,0.005773789918793959
7898-PDWQE,0.005379807227187228,0.005379807227187228
5117-ZSMHQ,0.005364341308199405,0.005364341308199405
0363-SVHYR,0.005237915138838645,0.005237915138838645
8670-MEFCP,0.002612196123342292,0.0051775379743282945
3508-VLHCZ,0.005119298420938279,0.005119298420938279
6885-PKOAM,0.005087938690604643,0.005087938690604643
2194-IIQOF,0.005087451854809633,0.005087451854809633
3779-OSWCF,0.0050869170746797865,0.0050869170746797865
9553-DLCLU,0.0023181315269975578,0.00456781137252571
4674-HGNUA,0.004150548363935358,0.004150548363935358
0730-BGQGF,0.004150503592523225,0.004150503592523225
6434-TTGJP,0.0022100684173691487,0.004148320932184757
5982-PSMKW,0.001786579460804516,0.003670254305117804
2560-QTSBS,0.0,0.0
8263-QMNTJ,0.0,0.0
2569-WGERO,0.0,0.0
1937-OTUKY,0.0,0.0
7399-QHBJS,0.0,0.0
5304-EFJLP,0.0,0.0
9298-WGMRW,0.0,0.0
4707-MAXGU,0.0,0.0
1488-PBLJN,0.0,0.0
3071-MVJCD,0.0,0.0
1676-MQAOA,0.0,0.0
4024-CSNBY,0.0,0.0
9242-TKFSV,0.0,0.0
9739-JLPQJ,0.0,0.0
6176-YJWAS,0.0,0.0
2419-FSORS,0.0,0.0
0769-MURVM,0.0,0.0
7010-BRBUU,0.0,0.0
2234-XADUH,0.0,0.0
0464-WJTKO,0.0,0.0
7030-FZTFM,0.0,0.0
9443-JUBUO,0.0,0.0
2192-CKRLV,0.0,0.0
9924-JPRMC,0.0,0.0
8015-IHCGW,0.0,0.0
3831-YCPUO,0.0,0.0
2040-XBAVJ,0.0,0.0
0270-THENM,0.0,0.0
6728-DKUCO,0.0,0.0
7115-IRDHS,0.0,0.0
3910-MRQOY,0.0,0.0
5172-RKOCB,0.0,0.0
8749-TZYEC,0.0,0.0
0238-WHBIQ,0.0,0.0
7781-HVGMK,0.0,0.0
2545-LXYVJ,0.0,0.0
7096-ZNBZI,0.0,0.0
7566-DSRLQ,0.0,0.0
9114-DPSIA,0.0,0.0
2190-PHBHR,0.0,0.0
5893-KCLGT,0.0,0.0
8823-RLPWL,0.0,0.0
2848-YXSMW,0.0,0.0
0078-XZMHT,0.0,0.0
5214-NLTIT,0.0,0.0
6408-WHTEF,0.0,0.0
9297-EONCV,0.0,0.0
9919-FZDED,0.0,0.0
8338-QIUNR,0.0,0.0
3865-YIOTT,0.0,0.0
7602-MVRMB,0.0,0.0
1820-DJFPH,0.0,0.0
7203-OYKCT,0.0,0.0
6285-FTQBF,0.0,0.0
6904-JLBGY,0.0,0.0
1320-GVNHT,0.0,0.0
7873-CVMAW,0.0,0.0
6919-ELBGL,0.0,0.0
2235-EZAIK,0.0,0.0
6650-BWFRT,0.0,0.0
9823-EALYC,0.0,0.0
5803-NQJZO,0.0,0.0
4751-ERMAN,0.0,0.0
2607-DHDAK,0.0,0.0
0404-AHASP,0.0,0.0
5115-GZDEL,0.0,0.0
8024-XNAFQ,0.0,0.0
0244-LGNFY,0.0,0.0
6384-VMJHP,0.0,0.0
9861-PDSZP,0.0,0.0
9637-CDTKZ,0.0,0.0
6859-QNXIQ,0.0,0.0
5954-BDFSG,0.0,0.0
2904-GGUAZ,0.0,0.0
5248-YGIJN,0.0,0.0
1304-SEGFY,0.0,0.0
2388-LAESQ,0.0,0.0
0526-SXDJP,0.0,0.0
7730-CLDSV,0.0,0.0
9866-OCCKE,0.0,0.0
2314-TNDJQ,0.0,0.0
4389-UEFCZ,0.0,0.0
0744-BIKKF,0.0,0.0
8915-NNTRC,0.0,0.0
7463-IFMQU,0.0,0.0
3108-PCCGG,0.0,0.0
8125-QPFJD,0.0,0.0
4737-AQCPU,0.0,0.0
4376-KFVRS,0.0,0.0
6234-RAAPL,0.0,0.0
2984-TBYKU,0.0,0.0
3219-JQRSL,0.0,0.0
1291-CUOCY,0.0,0.0
2193-SFWQW,0.0,0.0
0129-KPTWJ,0.0,0.0
5884-FBCTL,0.0,0.0
8544-JNBOX,0.0,0.0
8468-FZTOE,0.0,0.0
6479-VDGRK,0.0,0.0
8853-TZDGH,0.0,0.0
8039-ACLPL,0.0,0.0
4139-DETXS,0.0,0.0
7606-BPHHN,0.0,0.0
0164-APGRB,0.0,0.0
7980-MHFLQ,0.0,0.0
0973-KYVNF,0.0,0.0
2274-XUATA,0.0,0.0
8237-ULIXL,0.0,0.0
9838-BFCQT,0.0,0.0
0640-YJTPY,0.0,0.0
8152-VETUR,0.0,0.0
9548-ZMVTX,0.0,0.0
3569-JFODW,0.0,0.0
5135-GRQJV,0.0,0.0
3786-WOVKF,0.0,0.0
1266-NZYUI,0.0,0.0
2226-ICFDO,0.0,0.0
5598-IKHQQ,0.0,0.0
9848-JQJTX,0.0,0.0
4231-LZUYM,0.0,0.0
3511-BFTJW,0.0,0.0
1841-YSJGV,0.0,0.0
8224-KDLKN,0.0,0.0
7503-MIOGA,0.0,0.0
8606-CIQUL,0.0,0.0
4334-HOWRP,0.0,0.0
4821-WQOYN,0.0,0.0
5684-FJVYR,0.0,0.0
9788-HNGUT,0.0,0.0
2499-AJYUA,0.0,0.0
5376-PCKNB,0.0,0.0
8218-FFJDS,0.0,0.0
0266-GMEAO,0.0,0.0
2272-WUSPA,0.0,0.0
9958-MEKUC,0.0,0.0
8309-PPCED,0.0,0.0
2251-PYLPB,0.0,0.0
8165-ZJRNM,0.0,0.0
4312-KFRXN,0.0,0.0
7134-HBPBS,0.0,0.0
6976-BWGLQ,0.0,0.0
6295-OSINB,0.0,0.0
0401-WDBXM,0.0,0.0
7564-GHCVB,0.0,0.0
7860-KSUGX,0.0,0.0
8204-YJCLA,0.0,0.0
4291-TPNFG,0.0,0.0
8513-OLYGY,0.0,0.0
8197-BFWVU,0.0,0.0
3892-NXAZG,0.0,0.0
9286-BHDQG,0.0,0.0
5248-RPYWW,0.0,0.0
8398-TBIYD,0.0,0.0
9385-NXKDA,0.0,0.0
4077-HWUYD,0.0,0.0
1335-HQMKX,0.0,0.0
5329-KRDTM,0.0,0.0
0742-LAFQK,0.0,0.0
3398-GCPMU,0.0,0.0
6917-FIJHC,0.0,0.0
5038-ETMLM,0.0,0.0
7083-MIOPC,0.0,0.0
0562-FGDCR,0.0,0.0
5980-BDHPY,0.0,0.0
3084-DOWLE,0.0,0.0
1053-MXTTK,0.0,0.0
0619-OLYUR,0.0,0.0
6007-TCTST,0.0,0.0
8454-AATJP,0.0,0.0
7684-XSZIY,0.0,0.0
0402-OAMEN,0.0,0.0
9489-JMTTN,0.0,0.0
3810-DVDQQ,0.0,0.0
0988-AADSA,0.0,0.0
0019-EFAEP,0.0,0.0
8265-HKSOW,0.0,0.0
5668-MEISB,0.0,0.0
2234-EOFPT,0.0,0.0
4625-XMOYM,0.0,0.0
7255-SSFBC,0.0,0.0
6166-YIPFO,0.0,0.0
5965-GGPRW,0.0,0.0
6631-HMANX,0.0,0.0
0378-CJKPV,0.0,0.0
1779-PWPMG,0.0,0.0
0665-XHDJU,0.0,0.0
3244-CQPHU,0.0,0.0
4967-WPNCF,0.0,0.0
3544-FBCAS,0.0,0.0
9070-BCKQP,0.0,0.0
6348-SNFUS,0.0,0.0
9880-TDQAC,0.0,0.0
4829-ZLJTK,0.0,0.0
2429-AYKKO,0.0,0.0
8374-UULRV,0.0,0.0
3518-FSTWG,0.0,0.0
5879-HMFFH,0.0,0.0
5985-BEHZK,0.0,0.0
1775-KWJKQ,0.0,0.0
7663-YJHSN,0.0,0.0
0480-KYJVA,0.0,0.0
9339-FIIJL,0.0,0.0
1293-BSEUN,0.0,0.0
8207-DMRVL,0.0,0.0
1814-WFGVS,0.0,0.0
1027-LKKQQ,0.0,0.0
9239-GZHZE,0.0,0.0
0853-TWRVK,0.0,0.0
0392-BZIUW,0.0,0.0
9675-ICXCT,0.0,0.0
8774-GSBUN,0.0,0.0
9778-OGKQZ,0.0,0.0
5334-AFQJB,0.0,0.0
7169-YWAMK,0.0,0.0
6115-ZTBFQ,0.0,0.0
7722-VJRQD,0.0,0.0
3913-FCUUW,0.0,0.0
0254-FNMCI,0.0,0.0
5605-XNWEN,0.0,0.0
6087-YPWHO,0.0,0.0
6181-AXXYF,0.0,0.0
4056-QHXHZ,0.0,0.0
5286-YHCVC,0.0,0.0
4723-BEGSG,0.0,0.0
6585-WCEWR,0.0,0.0
8565-WUXZU,0.0,0.0
2469-DTSGX,0.0,0.0
2824-DXNKN,0.0,0.0
0675-NCDYU,0.0,0.0
1926-QUZNN,0.0,0.0
7301-ABVAD,0.0,0.0
6614-FHDBO,0.0,0.0
6519-ZHPXP,0.0,0.0
8735-SDUFN,0.0,0.0
5787-KXGIY,0.0,0.0
8336-TAVKX,0.0,0.0
6749-UTDVX,0.0,0.0
1927-QEWMY,0.0,0.0
2302-OUZXB,0.0,0.0
1480-BKXGA,0.0,0.0
3258-ZKPAI,0.0,0.0
7921-BEPCI,0.0,0.0
5968-XQIVE,0.0,0.0
0336-PIKEI,0.0,0.0
7322-OCWHC,0.0,0.0
3262-EIDHV,0.0,0.0
6928-ONTRW,0.0,0.0
7408-OFWXJ,0.0,0.0
8661-BOYNW,0.0,0.0
6656-GULJQ,0.0,0.0
5168-MQQCA,0.0,0.0
9926-PJHDQ,0.0,0.0
5727-MYATE,0.0,0.0
1452-UZOSF,0.0,0.0
6024-RUGGH,0.0,0.0
4277-BWBML,0.0,0.0
4670-TABXH,0.0,0.0
8092-NLTGF,0.0,0.0
0017-IUDMW,0.0,0.0
9031-ZVQPT,0.0,0.0
4193-IBKSW,0.0,0.0
8670-ERCJH,0.0,0.0
3520-FJGCV,0.0,0.0
4836-WNFNO,0.0,0.0
4822-LPTYJ,0.0,0.0
8901-UPRHR,0.0,0.0
9802-CAQUT,0.0,0.0
4827-DPADN,0.0,0.0
5451-YHYPW,0.0,0.0
7569-NMZYQ,0.0,0.0
3704-IEAXF,0.0,0.0
3967-KXAPS,0.0,0.0
4079-WWQQQ,0.0,0.0
0795-XCCTE,0.0,0.0
9453-PATOS,0.0,0.0
6719-FGEDO,0.0,0.0
2266-SJNAT,0.0,0.0
0739-UUAJR,0.0,0.0
2878-RMWXY,0.0,0.0
1166-PQLGG,0.0,0.0
7173-TETGO,0.0,0.0
7101-HRBLJ,0.0,0.0
0906-QVPMS,0.0,0.0
6734-PSBAW,0.0,0.0
3963-RYFNS,0.0,0.0
9499-XPZXM,0.0,0.0
9481-IEBZY,0.0,0.0
1971-DTCZB,0.0,0.0
2380-DAMQP,0.0,0.0
0626-QXNGV,0.0,0.0
5766-FTRTS,0.0,0.0
2509-TFPJU,0.0,0.0
0229-LFJAF,0.0,0.0
3258-SYSWS,0.0,0.0
3146-MSEGF,0.0,0.0
2452-MRMZF,0.0,0.0
9065-ZCPQX,0.0,0.0
3976-HXHCE,0.0,0.0
4992-LTJNE,0.0,0.0
8628-MFKAX,0.0,0.0
8107-RZLNV,0.0,0.0
5296-PSYVW,0.0,0.0
9488-FVZCC,0.0,0.0
2057-BOYKM,0.0,0.0
6701-YVNQG,0.0,0.0
9127-FHJBZ,0.0,0.0
9430-NKQLY,0.0,0.0
3938-YFPXD,0.0,0.0
3133-PZNSR,0.0,0.0
8639-NHQEI,0.0,0.0
9225-BZLNZ,0.0,0.0
5275-PMFUT,0.0,0.0
4815-YOSUK,0.0,0.0
1090-ESELR,0.0,0.0
5183-KLYEM,0.0,0.0
8809-XKHMD,0.0,0.0
7765-LWVVH,0.0,0.0
2091-GPPIQ,0.0,0.0
3649-JPUGY,0.0,0.0
1352-HNSAW,0.0,0.0
5360-XGYAZ,0.0,0.0
0784-ZQJZX,0.0,0.0
4900-MSOMT,0.0,0.0
9680-NIAUV,0.0,0.0
6374-NTQLP,0.0,0.0
1951-IEYXM,0.0,0.0
8908-NMQTX,0.0,0.0
1162-ECVII,0.0,0.0
5914-XRFQB,0.0,0.0
7971-HLVXI,0.0,0.0
5663-QBGIS,0.0,0.0
0794-YVSGE,0.0,0.0
2167-FQSTQ,0.0,0.0
5781-BKHOP,0.0,0.0
9351-HXDMR,0.0,0.0
2725-TTRIQ,0.0,0.0
5997-OPVFA,0.0,0.0
6437-UDQJM,0.0,0.0
3339-EAQNV,0.0,0.0
2925-VDZHY,0.0,0.0
2664-XJZNO,0.0,0.0
2121-JAFOM,0.0,0.0
1227-UDMZR,0.0,0.0
8999-XXGNS,0.0,0.0
0336-KXKFK,0.0,0.0
4718-WXBGI,0.0,0.0
7359-WWYJV,0.0,0.0
4909-JOUPP,0.0,0.0
0301-FIDRB,0.0,0.0
1813-JYWTO,0.0,0.0
3580-HYCSP,0.0,0.0
5327-XOKKY,0.0,0.0
6855-VLGOS,0.0,0.0
5456-ITGIC,0.0,0.0
0536-ACXIP,0.0,0.0
2990-IAJSV,0.0,0.0
